diarization,dilate_ms,scene,speaker,system,round,accepted,mean_variance,margin,vad_coverage,artifact_score,reason,cluster
oracle,0.0,long_00000_5639-61-121,s1,gated_deflation,0,True,0.0,0.2919283970144312,1.0,0.7462035830805632,accepted,s1
oracle,0.0,long_00000_5639-61-121,s2,gated_deflation,0,True,0.0,0.4672379453662754,1.0,0.7597428275678949,accepted,s2
oracle,0.0,long_00000_5639-61-121,s3,gated_deflation,0,True,0.0,0.1646956259458311,1.0,0.8037475457688067,accepted,s3
oracle,0.0,long_00000_5639-61-121,s1,coarse_to_fine,0,False,0.0,-0.49612440088834536,1.0,0.3664221965864735,margin,s1
oracle,0.0,long_00000_5639-61-121,s2,coarse_to_fine,0,True,0.0,0.5078940477730431,1.0,0.504936085526795,accepted,s2
oracle,0.0,long_00000_5639-61-121,s3,coarse_to_fine,0,False,0.0,-0.34787944965925355,1.0,0.48505303899644914,margin,s3
oracle,0.0,long_00000_5639-61-121,s1,coarse_to_fine,1,False,0.0,-0.5262034406806628,1.0,0.3664221965864735,margin,s1
oracle,0.0,long_00000_5639-61-121,s2,coarse_to_fine,1,True,0.0,0.6307574534607561,1.0,0.5131630576865105,accepted,s2
oracle,0.0,long_00000_5639-61-121,s3,coarse_to_fine,1,False,0.0,-0.47115031748307723,1.0,0.48505303899644914,margin,s3
real,0.0,long_00000_5639-61-121,s1,gated_deflation,0,True,6.615377652459825e-05,0.2838246028300901,1.0,0.7683940383290094,accepted,SPEAKER_01
real,0.0,long_00000_5639-61-121,s2,gated_deflation,0,True,7.586842872326045e-05,0.5310369152183875,1.0,0.7737390769184821,accepted,SPEAKER_02
real,0.0,long_00000_5639-61-121,s3,gated_deflation,0,True,0.00014396216734769535,0.20779196364555597,1.0,0.8229255423672318,accepted,SPEAKER_00
real,0.0,long_00000_5639-61-121,s1,coarse_to_fine,0,False,6.615377652459825e-05,-0.4068781529929832,1.0,0.3347502113419215,margin,SPEAKER_01
real,0.0,long_00000_5639-61-121,s2,coarse_to_fine,0,True,7.586842872326045e-05,0.5469271218305791,1.0,0.4341705646202773,accepted,SPEAKER_02
real,0.0,long_00000_5639-61-121,s3,coarse_to_fine,0,False,0.00014396216734769535,-0.4124411240994722,1.0,0.4643061256168803,margin,SPEAKER_00
real,0.0,long_00000_5639-61-121,s1,coarse_to_fine,1,False,6.615377652459825e-05,-0.5116907167008116,1.0,0.3347502113419215,margin,SPEAKER_01
real,0.0,long_00000_5639-61-121,s2,coarse_to_fine,1,True,7.586842872326045e-05,0.7126619965120995,1.0,0.44006775434180656,accepted,SPEAKER_02
real,0.0,long_00000_5639-61-121,s3,coarse_to_fine,1,False,0.00014396216734769535,-0.41471564295083996,1.0,0.4643061256168803,margin,SPEAKER_00
oracle,0.0,long_00001_3729-2300-8230,s1,gated_deflation,0,True,0.0,0.6294714688352175,0.9976456876456876,0.7729448051193253,accepted,s1
oracle,0.0,long_00001_3729-2300-8230,s2,gated_deflation,0,True,0.0,0.40392964797574377,0.98393164717614,0.7065526399266921,accepted,s2
oracle,0.0,long_00001_3729-2300-8230,s3,gated_deflation,0,True,0.0,0.502982758669255,0.9798888594866367,0.6967578921568345,accepted,s3
oracle,0.0,long_00001_3729-2300-8230,s1,coarse_to_fine,0,True,0.0,0.17811335959719532,1.0,0.413943379311489,accepted,s1
oracle,0.0,long_00001_3729-2300-8230,s2,coarse_to_fine,0,True,0.0,0.2630656662968549,0.974640557466702,0.20718571993388082,accepted,s2
oracle,0.0,long_00001_3729-2300-8230,s3,coarse_to_fine,0,False,0.0,-0.22490156278360773,0.9840051747963894,0.3108471080525686,margin,s3
oracle,0.0,long_00001_3729-2300-8230,s1,coarse_to_fine,1,True,0.0,0.27789786845964526,1.0,0.41176243113295397,accepted,s1
oracle,0.0,long_00001_3729-2300-8230,s2,coarse_to_fine,1,True,0.0,0.39576383089014244,0.9745670518361707,0.18636978055119627,accepted,s2
oracle,0.0,long_00001_3729-2300-8230,s3,coarse_to_fine,1,False,0.0,-0.344086291989783,0.9840051747963894,0.3108471080525686,margin,s3
real,0.0,long_00001_3729-2300-8230,s1,gated_deflation,0,True,6.971299810599987e-05,0.5534367030162848,0.9986623953240038,0.7963464252755318,accepted,SPEAKER_02
real,0.0,long_00001_3729-2300-8230,s2,gated_deflation,0,True,5.354640335792748e-05,0.5021349728904962,0.9893059952761445,0.7189317089340304,accepted,SPEAKER_00
real,0.0,long_00001_3729-2300-8230,s3,gated_deflation,0,True,8.950516368376608e-05,0.45201219503249235,0.9853124289934105,0.7013783769995351,accepted,SPEAKER_01
real,0.0,long_00001_3729-2300-8230,s1,coarse_to_fine,0,True,6.971299810599987e-05,0.38085636870424816,1.0,0.37598778916559433,accepted,SPEAKER_02
real,0.0,long_00001_3729-2300-8230,s2,coarse_to_fine,0,True,5.354640335792748e-05,0.3619280108555991,0.9914594481166719,0.19810344996310436,accepted,SPEAKER_00
real,0.0,long_00001_3729-2300-8230,s3,coarse_to_fine,0,False,8.950516368376608e-05,-0.3553590300856855,0.9820375616409611,0.23101336028382866,margin,SPEAKER_01
real,0.0,long_00001_3729-2300-8230,s1,coarse_to_fine,1,True,6.971299810599987e-05,0.618755128980741,1.0,0.3875110813241318,accepted,SPEAKER_02
real,0.0,long_00001_3729-2300-8230,s2,coarse_to_fine,1,True,5.354640335792748e-05,0.5299572637184728,0.991375511488826,0.16995914370625292,accepted,SPEAKER_00
real,0.0,long_00001_3729-2300-8230,s3,coarse_to_fine,1,False,8.950516368376608e-05,-0.5304700103517476,0.9820375616409611,0.23101336028382866,margin,SPEAKER_01
oracle,0.0,long_00002_4077-237-2300,s1,gated_deflation,0,True,0.0,0.5032467029592427,1.0,0.7405644209649451,accepted,s1
oracle,0.0,long_00002_4077-237-2300,s2,gated_deflation,0,True,0.0,0.18598787735202182,0.9788154343112527,0.7851361748393484,accepted,s2
oracle,0.0,long_00002_4077-237-2300,s3,gated_deflation,0,True,0.0,0.4167860340516659,0.9782554978996788,0.7212392833731036,accepted,s3
oracle,0.0,long_00002_4077-237-2300,s1,coarse_to_fine,0,True,0.0,0.318110091786968,1.0,0.49136823314744077,accepted,s1
oracle,0.0,long_00002_4077-237-2300,s2,coarse_to_fine,0,True,0.0,0.15635864821815282,0.983159707518139,0.46871150022292685,accepted,s2
oracle,0.0,long_00002_4077-237-2300,s3,coarse_to_fine,0,True,0.0,0.40566243490526677,0.9752285643686681,0.24511087701391412,accepted,s3
oracle,0.0,long_00002_4077-237-2300,s1,coarse_to_fine,1,True,0.0,0.30055024739366465,1.0,0.49169603019170693,accepted,s1
oracle,0.0,long_00002_4077-237-2300,s2,coarse_to_fine,1,True,0.0,0.1326033012512674,0.9930337935123232,0.4650192675300541,accepted,s2
oracle,0.0,long_00002_4077-237-2300,s3,coarse_to_fine,1,True,0.0,0.5891816535737195,0.9789736224363726,0.26063166580813074,accepted,s3
real,0.0,long_00002_4077-237-2300,s1,gated_deflation,0,True,8.556522991362703e-05,0.40160228508272544,1.0,0.7396932554849236,accepted,SPEAKER_01
real,0.0,long_00002_4077-237-2300,s2,gated_deflation,0,True,7.029985186404625e-05,0.3197650786618177,0.9931677890011223,0.8039547410575809,accepted,SPEAKER_00
real,0.0,long_00002_4077-237-2300,s3,gated_deflation,0,True,3.695892652213014e-05,0.5163471068882802,0.9857567443987197,0.7314147097926671,accepted,SPEAKER_02
real,0.0,long_00002_4077-237-2300,s1,coarse_to_fine,0,True,8.556522991362703e-05,0.20708247128957635,1.0,0.5023032226844094,accepted,SPEAKER_01
real,0.0,long_00002_4077-237-2300,s2,coarse_to_fine,0,True,7.029985186404625e-05,0.3194578822881539,0.967175655187351,0.47496524152264996,accepted,SPEAKER_00
real,0.0,long_00002_4077-237-2300,s3,coarse_to_fine,0,True,3.695892652213014e-05,0.4190439380133405,0.9876259401163616,0.23585158644916895,accepted,SPEAKER_02
real,0.0,long_00002_4077-237-2300,s1,coarse_to_fine,1,True,8.556522991362703e-05,0.26339577702373285,1.0,0.4993797168296248,accepted,SPEAKER_01
real,0.0,long_00002_4077-237-2300,s2,coarse_to_fine,1,True,7.029985186404625e-05,0.23509267796661526,0.9891271388347411,0.47197839747488,accepted,SPEAKER_00
real,0.0,long_00002_4077-237-2300,s3,coarse_to_fine,1,True,3.695892652213014e-05,0.6521386230421342,0.9876259401163616,0.24414568619915128,accepted,SPEAKER_02
oracle,0.0,long_00003_4507-7176-8455,s1,gated_deflation,0,True,0.0,0.5823682737476975,0.9737666578413203,0.7327171265959738,accepted,s1
oracle,0.0,long_00003_4507-7176-8455,s2,gated_deflation,0,True,0.0,0.33980347551708984,0.9831837887645202,0.7254686776762638,accepted,s2
oracle,0.0,long_00003_4507-7176-8455,s3,gated_deflation,0,True,0.0,0.658841572174892,0.9688741927471436,0.7371022983619271,accepted,s3
oracle,0.0,long_00003_4507-7176-8455,s1,coarse_to_fine,0,False,0.0,0.010028212700510575,0.9737666578413203,0.3689250698048375,margin,s1
oracle,0.0,long_00003_4507-7176-8455,s2,coarse_to_fine,0,True,0.0,0.6189387225841639,0.9377371811843614,0.33577003706370573,accepted,s2
oracle,0.0,long_00003_4507-7176-8455,s3,coarse_to_fine,0,True,0.0,0.13977467800094073,0.9775366368604074,0.3011181655638941,accepted,s3
oracle,0.0,long_00003_4507-7176-8455,s1,coarse_to_fine,1,False,0.0,0.00861970796306677,0.9737666578413203,0.3689250698048375,margin,s1
oracle,0.0,long_00003_4507-7176-8455,s2,coarse_to_fine,1,True,0.0,0.5215847840285577,0.9588297590680435,0.36409249349836803,accepted,s2
oracle,0.0,long_00003_4507-7176-8455,s3,coarse_to_fine,1,True,0.0,0.2720570801657598,0.9831485966219573,0.33164710454192675,accepted,s3
real,0.0,long_00003_4507-7176-8455,s1,gated_deflation,0,True,6.694671496102066e-05,0.5486591583462479,0.9108129801628254,0.7747906244144531,accepted,SPEAKER_01
real,0.0,long_00003_4507-7176-8455,s2,gated_deflation,0,True,0.00025416256497575953,0.3119489362576825,0.9400167084377611,0.7346636028214902,accepted,SPEAKER_02
real,0.0,long_00003_4507-7176-8455,s3,gated_deflation,0,True,3.4976217703335656e-05,0.6249081509334791,0.9931384015594542,0.7503491801974863,accepted,SPEAKER_00
real,0.0,long_00003_4507-7176-8455,s1,coarse_to_fine,0,False,6.694671496102066e-05,0.08360366746321263,0.9605501266739052,0.3565487245230804,margin,SPEAKER_01
real,0.0,long_00003_4507-7176-8455,s2,coarse_to_fine,0,True,0.00025416256497575953,0.4802278657243993,0.9315856322715034,0.3433479058149011,accepted,SPEAKER_02
real,0.0,long_00003_4507-7176-8455,s3,coarse_to_fine,0,True,3.4976217703335656e-05,0.36179904344525504,1.0,0.2846580893983161,accepted,SPEAKER_00
real,0.0,long_00003_4507-7176-8455,s1,coarse_to_fine,1,False,6.694671496102066e-05,0.03499491514082509,0.9605501266739052,0.3565487245230804,margin,SPEAKER_01
real,0.0,long_00003_4507-7176-8455,s2,coarse_to_fine,1,True,0.00025416256497575953,0.5950365287481598,0.9462988365594676,0.36480764954599204,accepted,SPEAKER_02
real,0.0,long_00003_4507-7176-8455,s3,coarse_to_fine,1,True,3.4976217703335656e-05,0.48528481117559374,1.0,0.30622407200465607,accepted,SPEAKER_00
oracle,0.0,long_00004_5639-61-1089,s1,gated_deflation,0,True,0.0,0.2934614270882245,1.0,0.7487324319379761,accepted,s1
oracle,0.0,long_00004_5639-61-1089,s2,gated_deflation,0,True,0.0,0.3518428722314639,1.0,0.7564529501612256,accepted,s2
oracle,0.0,long_00004_5639-61-1089,s3,gated_deflation,0,True,0.0,0.2760995961699244,1.0,0.7426669466152054,accepted,s3
oracle,0.0,long_00004_5639-61-1089,s1,coarse_to_fine,0,False,0.0,-0.5195810390614007,1.0,0.3790800621536016,margin,s1
oracle,0.0,long_00004_5639-61-1089,s2,coarse_to_fine,0,True,0.0,0.22340035687001203,1.0,0.4646864247945976,accepted,s2
oracle,0.0,long_00004_5639-61-1089,s3,coarse_to_fine,0,False,0.0,-0.1597782570739551,1.0,0.3964243663148541,margin,s3
oracle,0.0,long_00004_5639-61-1089,s1,coarse_to_fine,1,False,0.0,-0.5418680081828662,1.0,0.3790800621536016,margin,s1
oracle,0.0,long_00004_5639-61-1089,s2,coarse_to_fine,1,True,0.0,0.3924515423192292,1.0,0.4799972410518623,accepted,s2
oracle,0.0,long_00004_5639-61-1089,s3,coarse_to_fine,1,False,0.0,-0.291278167264449,1.0,0.3964243663148541,margin,s3
real,0.0,long_00004_5639-61-1089,s1,gated_deflation,0,True,0.0,0.4147612571272689,1.0,0.7858940937593714,accepted,SPEAKER_00
real,0.0,long_00004_5639-61-1089,s2,gated_deflation,0,True,5.639920551064065e-05,0.3556904175340298,0.9997478619373743,0.7712887996443271,accepted,SPEAKER_02
real,0.0,long_00004_5639-61-1089,s3,gated_deflation,0,True,4.7605091891082406e-05,0.24819759275827613,1.0,0.7581284217146456,accepted,SPEAKER_01
real,0.0,long_00004_5639-61-1089,s1,coarse_to_fine,0,False,0.0,-0.0978181532921068,1.0,0.3993835786304704,margin,SPEAKER_00
real,0.0,long_00004_5639-61-1089,s2,coarse_to_fine,0,True,5.639920551064065e-05,0.26286182395658475,1.0,0.409175261272055,accepted,SPEAKER_02
real,0.0,long_00004_5639-61-1089,s3,coarse_to_fine,0,False,4.7605091891082406e-05,-0.22151690461140572,1.0,0.36979378600355306,margin,SPEAKER_01
real,0.0,long_00004_5639-61-1089,s1,coarse_to_fine,1,False,0.0,-0.05530348933718793,1.0,0.3993835786304704,margin,SPEAKER_00
real,0.0,long_00004_5639-61-1089,s2,coarse_to_fine,1,True,5.639920551064065e-05,0.41543607721532927,1.0,0.4082255359472809,accepted,SPEAKER_02
real,0.0,long_00004_5639-61-1089,s3,coarse_to_fine,1,False,4.7605091891082406e-05,-0.3725241265672289,1.0,0.36979378600355306,margin,SPEAKER_01
oracle,0.0,long_00005_3570-908-4507,s1,gated_deflation,0,True,0.0,0.4306679220857393,1.0,0.74940620607813,accepted,s1
oracle,0.0,long_00005_3570-908-4507,s2,gated_deflation,0,True,0.0,0.4207984093422154,0.9430300581149212,0.7232827936068161,accepted,s2
oracle,0.0,long_00005_3570-908-4507,s3,gated_deflation,0,True,0.0,0.3544989515898017,0.9169197762992961,0.7244761840642989,accepted,s3
oracle,0.0,long_00005_3570-908-4507,s1,coarse_to_fine,0,True,0.0,0.5517349762368702,1.0,0.2968356448610496,accepted,s1
oracle,0.0,long_00005_3570-908-4507,s2,coarse_to_fine,0,True,0.0,0.49338178189374965,0.9714046379326969,0.3916158065822822,accepted,s2
oracle,0.0,long_00005_3570-908-4507,s3,coarse_to_fine,0,True,0.0,0.317052782881198,0.8760847555684119,0.3373851475451591,accepted,s3
oracle,0.0,long_00005_3570-908-4507,s1,coarse_to_fine,1,True,0.0,0.6405700072320729,1.0,0.27150876877166064,accepted,s1
oracle,0.0,long_00005_3570-908-4507,s2,coarse_to_fine,1,True,0.0,0.5216124424212923,0.97512293896442,0.3996028247483179,accepted,s2
oracle,0.0,long_00005_3570-908-4507,s3,coarse_to_fine,1,True,0.0,0.4422974858681114,0.8539015041943882,0.3532868813949977,accepted,s3
real,0.0,long_00005_3570-908-4507,s1,gated_deflation,0,True,0.00013360482567984695,0.353604429863945,0.9932902670111973,0.7503732953930918,accepted,SPEAKER_01
real,0.0,long_00005_3570-908-4507,s3,gated_deflation,0,True,4.504900729494259e-05,0.3865523981808323,0.965229156096736,0.6909835340297904,accepted,SPEAKER_02
real,0.0,long_00005_3570-908-4507,s2,gated_deflation,0,True,4.33377828783621e-05,0.4150672756746115,0.9806405107609927,0.815354939355139,accepted,SPEAKER_00
real,0.0,long_00005_3570-908-4507,s1,coarse_to_fine,0,True,0.00013360482567984695,0.3846435855731998,1.0,0.27784195925570027,accepted,SPEAKER_01
real,0.0,long_00005_3570-908-4507,s3,coarse_to_fine,0,True,4.504900729494259e-05,0.28611558179100127,0.9288210745957225,0.2981114829922628,accepted,SPEAKER_02
real,0.0,long_00005_3570-908-4507,s2,coarse_to_fine,0,True,4.33377828783621e-05,0.47341449517100004,0.9794470526864894,0.40147179823310225,accepted,SPEAKER_00
real,0.0,long_00005_3570-908-4507,s1,coarse_to_fine,1,True,0.00013360482567984695,0.5844230803584675,1.0,0.2879262320193049,accepted,SPEAKER_01
real,0.0,long_00005_3570-908-4507,s3,coarse_to_fine,1,True,4.504900729494259e-05,0.47812761427922534,0.9389410537297861,0.3355248652583923,accepted,SPEAKER_02
real,0.0,long_00005_3570-908-4507,s2,coarse_to_fine,1,True,4.33377828783621e-05,0.576740483456772,1.0,0.40418597453727884,accepted,SPEAKER_00
oracle,0.0,long_00006_1089-8230-7176,s1,gated_deflation,0,True,0.0,0.23248686777697036,1.0,0.7323981130740451,accepted,s1
oracle,0.0,long_00006_1089-8230-7176,s2,gated_deflation,0,True,0.0,0.1929898780499385,0.9207357833535429,0.7198920423009352,accepted,s2
oracle,0.0,long_00006_1089-8230-7176,s3,gated_deflation,0,True,0.0,0.25847963761924164,0.9800332502078138,0.716811247238101,accepted,s3
oracle,0.0,long_00006_1089-8230-7176,s1,coarse_to_fine,0,False,0.0,0.06284991865252365,1.0,0.36395273326359157,margin,s1
oracle,0.0,long_00006_1089-8230-7176,s2,coarse_to_fine,0,False,0.0,-0.036075889273781137,0.9797962103296254,0.3030339740809066,margin,s2
oracle,0.0,long_00006_1089-8230-7176,s3,coarse_to_fine,0,True,0.0,0.19221580924649828,0.9960515378221114,0.27602612832358137,accepted,s3
oracle,0.0,long_00006_1089-8230-7176,s1,coarse_to_fine,1,False,0.0,0.06284991865252365,1.0,0.36395273326359157,margin,s1
oracle,0.0,long_00006_1089-8230-7176,s2,coarse_to_fine,1,False,0.0,-0.036075889273781137,0.9797962103296254,0.3030339740809066,margin,s2
oracle,0.0,long_00006_1089-8230-7176,s3,coarse_to_fine,1,True,0.0,0.27069300366138005,0.9900665004156276,0.29145369814254524,accepted,s3
real,0.0,long_00006_1089-8230-7176,s1,gated_deflation,0,True,0.00016908858174213685,0.22630670230957894,0.9999222319432293,0.7310595844181027,accepted,SPEAKER_02
real,0.0,long_00006_1089-8230-7176,s2,gated_deflation,0,False,8.27090177785913e-05,0.00046321100964707984,0.965198975571316,0.7492090130380304,margin,SPEAKER_01
real,0.0,long_00006_1089-8230-7176,s3,gated_deflation,0,True,4.883735485341198e-05,0.2970668828309797,0.9986559139784946,0.7318255858288432,accepted,SPEAKER_00
real,0.0,long_00006_1089-8230-7176,s1,coarse_to_fine,0,True,0.00016908858174213685,0.1660225875610678,1.0,0.3579688250063805,accepted,SPEAKER_02
real,0.0,long_00006_1089-8230-7176,s2,coarse_to_fine,0,False,8.27090177785913e-05,-0.11421158546722354,1.0,0.27733552901304,margin,SPEAKER_01
real,0.0,long_00006_1089-8230-7176,s3,coarse_to_fine,0,True,4.883735485341198e-05,0.17474753770736884,1.0,0.2757009702539489,accepted,SPEAKER_00
real,0.0,long_00006_1089-8230-7176,s1,coarse_to_fine,1,True,0.00016908858174213685,0.2973826976011381,1.0,0.3596235022225752,accepted,SPEAKER_02
real,0.0,long_00006_1089-8230-7176,s2,coarse_to_fine,1,False,8.27090177785913e-05,-0.27712828859258765,1.0,0.27733552901304,margin,SPEAKER_01
real,0.0,long_00006_1089-8230-7176,s3,coarse_to_fine,1,True,4.883735485341198e-05,0.2534426988966242,1.0,0.3146797378778173,accepted,SPEAKER_00
oracle,0.0,long_00007_1188-4077-121,s1,gated_deflation,0,True,0.0,0.4439814182657448,1.0,0.7031853244949383,accepted,s1
oracle,0.0,long_00007_1188-4077-121,s2,gated_deflation,0,True,0.0,0.5488485163668619,0.9910547133426235,0.7324889391658529,accepted,s2
oracle,0.0,long_00007_1188-4077-121,s3,gated_deflation,0,True,0.0,0.26090783846725735,0.9915588642095843,0.8089985510750034,accepted,s3
oracle,0.0,long_00007_1188-4077-121,s1,coarse_to_fine,0,False,0.0,-0.11163540196123345,1.0,0.32153230541225275,margin,s1
oracle,0.0,long_00007_1188-4077-121,s2,coarse_to_fine,0,True,0.0,0.5703009010816851,1.0,0.5259635120965428,accepted,s2
oracle,0.0,long_00007_1188-4077-121,s3,coarse_to_fine,0,False,0.0,-0.5778857685033767,0.9745816722262902,0.4717536889515147,margin,s3
oracle,0.0,long_00007_1188-4077-121,s1,coarse_to_fine,1,False,0.0,-0.18616074408151329,1.0,0.32153230541225275,margin,s1
oracle,0.0,long_00007_1188-4077-121,s2,coarse_to_fine,1,True,0.0,0.6767100385458162,1.0,0.5231531768564535,accepted,s2
oracle,0.0,long_00007_1188-4077-121,s3,coarse_to_fine,1,False,0.0,-0.649258077690354,0.9745816722262902,0.4717536889515147,margin,s3
real,0.0,long_00007_1188-4077-121,s1,gated_deflation,0,True,5.3082867441405494e-05,0.46028592409783414,0.9998362471704474,0.752140937744766,accepted,SPEAKER_00
real,0.0,long_00007_1188-4077-121,s2,gated_deflation,0,True,9.96561576956757e-05,0.49567776423046844,0.9975579975579976,0.7303887794364458,accepted,SPEAKER_01
real,0.0,long_00007_1188-4077-121,s3,gated_deflation,0,True,7.227986956850508e-05,0.4243588182772987,0.9959182098765432,0.8191232578554329,accepted,SPEAKER_02
real,0.0,long_00007_1188-4077-121,s1,coarse_to_fine,0,False,5.3082867441405494e-05,0.018736646786753686,1.0,0.3385597426525367,margin,SPEAKER_00
real,0.0,long_00007_1188-4077-121,s2,coarse_to_fine,0,True,9.96561576956757e-05,0.5273234865011307,1.0,0.48918281965187016,accepted,SPEAKER_01
real,0.0,long_00007_1188-4077-121,s3,coarse_to_fine,0,False,7.227986956850508e-05,-0.41978793887768856,1.0,0.4473263699804841,margin,SPEAKER_02
real,0.0,long_00007_1188-4077-121,s1,coarse_to_fine,1,False,5.3082867441405494e-05,-0.038332462649627974,1.0,0.3385597426525367,margin,SPEAKER_00
real,0.0,long_00007_1188-4077-121,s2,coarse_to_fine,1,True,9.96561576956757e-05,0.6249200533252577,1.0,0.5074279721892886,accepted,SPEAKER_01
real,0.0,long_00007_1188-4077-121,s3,coarse_to_fine,1,False,7.227986956850508e-05,-0.49095949102094943,1.0,0.4473263699804841,margin,SPEAKER_02
oracle,0.0,long_00008_672-5639-121,s1,gated_deflation,0,True,0.0,0.37568013202329736,0.9971727210418094,0.7668595377179991,accepted,s1
oracle,0.0,long_00008_672-5639-121,s2,gated_deflation,0,True,0.0,0.1292182155861175,0.9720990391722099,0.7639372259738535,accepted,s2
oracle,0.0,long_00008_672-5639-121,s3,gated_deflation,0,True,0.0,0.39130020100528096,0.9448307279179055,0.7842302835365121,accepted,s3
oracle,0.0,long_00008_672-5639-121,s1,coarse_to_fine,0,True,0.0,0.2534007697956182,1.0,0.45563796147839825,accepted,s1
oracle,0.0,long_00008_672-5639-121,s2,coarse_to_fine,0,False,0.0,-0.04392299436075453,1.0,0.4067144774585335,margin,s2
oracle,0.0,long_00008_672-5639-121,s3,coarse_to_fine,0,True,0.0,0.13690681310570763,0.9508967104632204,0.47484624794291813,accepted,s3
oracle,0.0,long_00008_672-5639-121,s1,coarse_to_fine,1,True,0.0,0.46611510634144987,0.996851439342015,0.44408263933719544,accepted,s1
oracle,0.0,long_00008_672-5639-121,s2,coarse_to_fine,1,False,0.0,-0.20491505121008913,1.0,0.4067144774585335,margin,s2
oracle,0.0,long_00008_672-5639-121,s3,coarse_to_fine,1,True,0.0,0.2874602775769176,0.9506089958760909,0.4641827188927289,accepted,s3
real,0.0,long_00008_672-5639-121,s1,gated_deflation,0,True,0.00010713417601982828,0.27912381578460105,0.999846364883402,0.8218407863273307,accepted,SPEAKER_02
real,0.0,long_00008_672-5639-121,s2,gated_deflation,0,True,6.740768522121347e-05,0.20073829269949506,0.972922502334267,0.7613435977999261,accepted,SPEAKER_01
real,0.0,long_00008_672-5639-121,s3,gated_deflation,0,True,5.3491170436563625e-05,0.4297648826019964,0.9767088087162092,0.780989203420321,accepted,SPEAKER_00
real,0.0,long_00008_672-5639-121,s1,coarse_to_fine,0,False,0.00010713417601982828,-0.016006962087637022,1.0,0.4344238459313009,margin,SPEAKER_02
real,0.0,long_00008_672-5639-121,s2,coarse_to_fine,0,False,6.740768522121347e-05,-0.1509575260475723,0.9898199875853507,0.4143033137472053,margin,SPEAKER_01
real,0.0,long_00008_672-5639-121,s3,coarse_to_fine,0,True,5.3491170436563625e-05,0.10363614826871737,0.9738878543347818,0.45502425786807704,accepted,SPEAKER_00
real,0.0,long_00008_672-5639-121,s1,coarse_to_fine,1,False,0.00010713417601982828,-0.016006962087637022,1.0,0.4344238459313009,margin,SPEAKER_02
real,0.0,long_00008_672-5639-121,s2,coarse_to_fine,1,False,6.740768522121347e-05,-0.31727630160959186,0.9898199875853507,0.4143033137472053,margin,SPEAKER_01
real,0.0,long_00008_672-5639-121,s3,coarse_to_fine,1,True,5.3491170436563625e-05,0.30837400061962406,0.9743947858472998,0.4486665455563418,accepted,SPEAKER_00
oracle,0.0,long_00009_4992-5105-1580,s1,gated_deflation,0,True,0.0,0.43324940585959343,0.9709656944702458,0.7383235406286182,accepted,s1
oracle,0.0,long_00009_4992-5105-1580,s2,gated_deflation,0,True,0.0,0.42479848348260696,1.0,0.7542666106314537,accepted,s2
oracle,0.0,long_00009_4992-5105-1580,s3,gated_deflation,0,True,0.0,0.3535203017683766,0.9922458097673097,0.8331502742336412,accepted,s3
oracle,0.0,long_00009_4992-5105-1580,s1,coarse_to_fine,0,True,0.0,0.27797249508624083,0.9709656944702458,0.4014099156498403,accepted,s1
oracle,0.0,long_00009_4992-5105-1580,s2,coarse_to_fine,0,True,0.0,0.5381649179363359,1.0,0.5195234483296951,accepted,s2
oracle,0.0,long_00009_4992-5105-1580,s3,coarse_to_fine,0,False,0.0,0.07356545148742999,1.0,0.6174474207037774,margin,s3
oracle,0.0,long_00009_4992-5105-1580,s1,coarse_to_fine,1,True,0.0,0.5129255359615028,0.9696807851879373,0.3733453357087274,accepted,s1
oracle,0.0,long_00009_4992-5105-1580,s2,coarse_to_fine,1,True,0.0,0.6405869559284318,1.0,0.5179318505828179,accepted,s2
oracle,0.0,long_00009_4992-5105-1580,s3,coarse_to_fine,1,False,0.0,0.019584975073156485,1.0,0.6174474207037774,margin,s3
real,0.0,long_00009_4992-5105-1580,s1,gated_deflation,0,True,5.031928522641089e-05,0.44821201271276656,0.9987046632124352,0.7526090509608712,accepted,SPEAKER_02
real,0.0,long_00009_4992-5105-1580,s2,gated_deflation,0,True,3.234701503994554e-05,0.44507272104182705,1.0,0.7755301676127381,accepted,SPEAKER_00
real,0.0,long_00009_4992-5105-1580,s3,gated_deflation,0,True,5.7955696026185394e-05,0.34580646178212754,1.0,0.8515689363994765,accepted,SPEAKER_01
real,0.0,long_00009_4992-5105-1580,s1,coarse_to_fine,0,True,5.031928522641089e-05,0.24074539990356814,1.0,0.35569004365758083,accepted,SPEAKER_02
real,0.0,long_00009_4992-5105-1580,s2,coarse_to_fine,0,True,3.234701503994554e-05,0.4322985590723952,1.0,0.4642453119325163,accepted,SPEAKER_00
real,0.0,long_00009_4992-5105-1580,s3,coarse_to_fine,0,False,5.7955696026185394e-05,0.09252519787917346,1.0,0.599771047358367,margin,SPEAKER_01
real,0.0,long_00009_4992-5105-1580,s1,coarse_to_fine,1,True,5.031928522641089e-05,0.5128729095937534,1.0,0.33532548416076613,accepted,SPEAKER_02
real,0.0,long_00009_4992-5105-1580,s2,coarse_to_fine,1,True,3.234701503994554e-05,0.5633337629347208,1.0,0.48244492877778505,accepted,SPEAKER_00
real,0.0,long_00009_4992-5105-1580,s3,coarse_to_fine,1,False,5.7955696026185394e-05,0.027832551565345365,1.0,0.599771047358367,margin,SPEAKER_01
oracle,0.0,long_00010_2300-1089-8463,s1,gated_deflation,0,True,0.0,0.29643015467997547,0.9960992907801418,0.7271065959863129,accepted,s1
oracle,0.0,long_00010_2300-1089-8463,s2,gated_deflation,0,True,0.0,0.30219390362839604,0.9288460295922982,0.7672424106163763,accepted,s2
oracle,0.0,long_00010_2300-1089-8463,s3,gated_deflation,0,True,0.0,0.46784150890616255,0.9781144781144782,0.7792563115220169,accepted,s3
oracle,0.0,long_00010_2300-1089-8463,s1,coarse_to_fine,0,False,0.0,-0.025225902730992567,0.9960992907801418,0.2969292800745259,margin,s1
oracle,0.0,long_00010_2300-1089-8463,s2,coarse_to_fine,0,True,0.0,0.10134943897995574,1.0,0.36969326301478783,accepted,s2
oracle,0.0,long_00010_2300-1089-8463,s3,coarse_to_fine,0,False,0.0,0.04757396417739512,0.9865319865319865,0.5178281970403698,margin,s3
oracle,0.0,long_00010_2300-1089-8463,s1,coarse_to_fine,1,False,0.0,-0.21406207571318547,0.9960992907801418,0.2969292800745259,margin,s1
oracle,0.0,long_00010_2300-1089-8463,s2,coarse_to_fine,1,True,0.0,0.23361124347948636,0.9928191489361702,0.33105209288205417,accepted,s2
oracle,0.0,long_00010_2300-1089-8463,s3,coarse_to_fine,1,False,0.0,-0.035831522671880944,0.9865319865319865,0.5178281970403698,margin,s3
real,0.0,long_00010_2300-1089-8463,s1,gated_deflation,0,True,2.4481260891100974e-05,0.4404380704478516,0.9870791809212157,0.7382655782555526,accepted,SPEAKER_02
real,0.0,long_00010_2300-1089-8463,s2,gated_deflation,0,True,0.00019383274115203795,0.22888545938254123,0.9861875258157786,0.778175957293336,accepted,SPEAKER_01
real,0.0,long_00010_2300-1089-8463,s3,gated_deflation,0,True,4.6022024218494805e-05,0.636147769306552,0.9996160039638301,0.7995782252130234,accepted,SPEAKER_00
real,0.0,long_00010_2300-1089-8463,s1,coarse_to_fine,0,True,2.4481260891100974e-05,0.3022873462058959,0.9878595478595479,0.2550512137336388,accepted,SPEAKER_02
real,0.0,long_00010_2300-1089-8463,s2,coarse_to_fine,0,False,0.00019383274115203795,-0.2568870947674866,1.0,0.2990464165161134,margin,SPEAKER_01
real,0.0,long_00010_2300-1089-8463,s3,coarse_to_fine,0,False,4.6022024218494805e-05,-0.07584156083076354,1.0,0.5001733481371398,margin,SPEAKER_00
real,0.0,long_00010_2300-1089-8463,s1,coarse_to_fine,1,True,2.4481260891100974e-05,0.4671981740747286,0.987974987974988,0.28144018457333037,accepted,SPEAKER_02
real,0.0,long_00010_2300-1089-8463,s2,coarse_to_fine,1,False,0.00019383274115203795,-0.42765707403883224,1.0,0.2990464165161134,margin,SPEAKER_01
real,0.0,long_00010_2300-1089-8463,s3,coarse_to_fine,1,False,4.6022024218494805e-05,-0.07584156083076354,1.0,0.5001733481371398,margin,SPEAKER_00
oracle,0.0,long_00011_5683-7176-4507,s1,gated_deflation,0,True,0.0,0.5635842251085645,0.9490069284064665,0.7906003890571861,accepted,s1
oracle,0.0,long_00011_5683-7176-4507,s2,gated_deflation,0,True,0.0,0.35744606197164946,0.9474107392560828,0.7658090653877401,accepted,s2
oracle,0.0,long_00011_5683-7176-4507,s3,gated_deflation,0,True,0.0,0.46389504302000595,0.9733041678426945,0.7100484958183765,accepted,s3
oracle,0.0,long_00011_5683-7176-4507,s1,coarse_to_fine,0,True,0.0,0.3264592167192078,0.9490069284064665,0.5284694598456567,accepted,s1
oracle,0.0,long_00011_5683-7176-4507,s2,coarse_to_fine,0,True,0.0,0.6766983912843234,0.9713625866050808,0.41245104385543624,accepted,s2
oracle,0.0,long_00011_5683-7176-4507,s3,coarse_to_fine,0,False,0.0,-0.04860585594572436,0.9560243986577602,0.3809434955159253,margin,s3
oracle,0.0,long_00011_5683-7176-4507,s1,coarse_to_fine,1,True,0.0,0.5134018349465782,0.957328714395689,0.5574660655950396,accepted,s1
oracle,0.0,long_00011_5683-7176-4507,s2,coarse_to_fine,1,True,0.0,0.6535385959509425,0.9713317936874519,0.41767719817246185,accepted,s2
oracle,0.0,long_00011_5683-7176-4507,s3,coarse_to_fine,1,False,0.0,-0.06800529073770928,0.9560243986577602,0.3809434955159253,margin,s3
real,0.0,long_00011_5683-7176-4507,s1,gated_deflation,0,True,4.1741069189270015e-05,0.5520011020154953,0.9613902237755448,0.8052226371976028,accepted,SPEAKER_00
real,0.0,long_00011_5683-7176-4507,s2,gated_deflation,0,True,6.865437512250634e-05,0.3771090891409636,0.9958496804599403,0.7771699245788412,accepted,SPEAKER_01
real,0.0,long_00011_5683-7176-4507,s3,gated_deflation,0,True,3.4119891703388527e-05,0.45945598068231097,0.98085917896216,0.7255692535529387,accepted,SPEAKER_02
real,0.0,long_00011_5683-7176-4507,s1,coarse_to_fine,0,True,4.1741069189270015e-05,0.3221260804992949,1.0,0.5504004880651566,accepted,SPEAKER_00
real,0.0,long_00011_5683-7176-4507,s2,coarse_to_fine,0,True,6.865437512250634e-05,0.6154795869428651,1.0,0.4059304687747249,accepted,SPEAKER_01
real,0.0,long_00011_5683-7176-4507,s3,coarse_to_fine,0,True,3.4119891703388527e-05,0.18958432512562273,1.0,0.35817942752608917,accepted,SPEAKER_02
real,0.0,long_00011_5683-7176-4507,s1,coarse_to_fine,1,True,4.1741069189270015e-05,0.5863048765685119,1.0,0.5665849438896137,accepted,SPEAKER_00
real,0.0,long_00011_5683-7176-4507,s2,coarse_to_fine,1,True,6.865437512250634e-05,0.629061224545155,1.0,0.3795542611022642,accepted,SPEAKER_01
real,0.0,long_00011_5683-7176-4507,s3,coarse_to_fine,1,True,3.4119891703388527e-05,0.3906469050658518,1.0,0.3647588743690911,accepted,SPEAKER_02
oracle,0.0,long_00012_1284-2300-3570,s1,gated_deflation,0,True,0.0,0.3441935122098505,0.9870872350911779,0.7364768776084476,accepted,s1
oracle,0.0,long_00012_1284-2300-3570,s2,gated_deflation,0,True,0.0,0.40194166082506755,0.944026782112156,0.6732172651089899,accepted,s2
oracle,0.0,long_00012_1284-2300-3570,s3,gated_deflation,0,True,0.0,0.47227440437019075,0.954610273146923,0.7151323668464479,accepted,s3
oracle,0.0,long_00012_1284-2300-3570,s1,coarse_to_fine,0,False,0.0,-0.424809946956684,0.9870872350911779,0.2840027069848538,margin,s1
oracle,0.0,long_00012_1284-2300-3570,s2,coarse_to_fine,0,True,0.0,0.22401078895893944,0.9542280438681603,0.2276803714563582,accepted,s2
oracle,0.0,long_00012_1284-2300-3570,s3,coarse_to_fine,0,True,0.0,0.1740497543580552,0.9594836964511482,0.23779828226557823,accepted,s3
oracle,0.0,long_00012_1284-2300-3570,s1,coarse_to_fine,1,False,0.0,-0.4712314527091242,0.9870872350911779,0.2840027069848538,margin,s1
oracle,0.0,long_00012_1284-2300-3570,s2,coarse_to_fine,1,True,0.0,0.24555940913891605,0.9563450060274618,0.21452681493267722,accepted,s2
oracle,0.0,long_00012_1284-2300-3570,s3,coarse_to_fine,1,True,0.0,0.18823298783025955,0.9655626120960865,0.17005930583049586,accepted,s3
real,0.0,long_00012_1284-2300-3570,s1,gated_deflation,0,True,4.2004077431563446e-05,0.3592700810465994,1.0,0.7566088995520396,accepted,SPEAKER_00
real,0.0,long_00012_1284-2300-3570,s2,gated_deflation,0,True,0.0001616385991049479,0.39332709337587407,0.9771996386630533,0.6996986119069726,accepted,SPEAKER_02
real,0.0,long_00012_1284-2300-3570,s3,gated_deflation,0,True,0.00020785866813445952,0.32478165039620593,0.9911464609946172,0.7151814111898698,accepted,SPEAKER_01
real,0.0,long_00012_1284-2300-3570,s1,coarse_to_fine,0,False,4.2004077431563446e-05,-0.20446417938448785,1.0,0.27556080890333307,margin,SPEAKER_00
real,0.0,long_00012_1284-2300-3570,s2,coarse_to_fine,0,True,0.0001616385991049479,0.19741269959107272,0.9841481481481481,0.2668670316759567,accepted,SPEAKER_02
real,0.0,long_00012_1284-2300-3570,s3,coarse_to_fine,0,False,0.00020785866813445952,0.041724835787847914,0.9879461279461279,0.21581814929924104,margin,SPEAKER_01
real,0.0,long_00012_1284-2300-3570,s1,coarse_to_fine,1,False,4.2004077431563446e-05,-0.30440297359717156,1.0,0.27556080890333307,margin,SPEAKER_00
real,0.0,long_00012_1284-2300-3570,s2,coarse_to_fine,1,True,0.0001616385991049479,0.48926455263358765,0.9837845117845118,0.2516464253273936,accepted,SPEAKER_02
real,0.0,long_00012_1284-2300-3570,s3,coarse_to_fine,1,False,0.00020785866813445952,-0.16280695417616775,0.9879461279461279,0.21581814929924104,margin,SPEAKER_01
oracle,0.0,long_00013_4970-121-1320,s1,gated_deflation,0,True,0.0,0.510531006350196,0.9665078049454344,0.7553127655203281,accepted,s1
oracle,0.0,long_00013_4970-121-1320,s2,gated_deflation,0,True,0.0,0.3737331324568036,0.9538615576121665,0.7611855934286673,accepted,s2
oracle,0.0,long_00013_4970-121-1320,s3,gated_deflation,0,True,0.0,0.460221980525497,0.9903945589054173,0.7603192517949268,accepted,s3
oracle,0.0,long_00013_4970-121-1320,s1,coarse_to_fine,0,True,0.0,0.20007746480408833,0.9665078049454344,0.46231790482226354,accepted,s1
oracle,0.0,long_00013_4970-121-1320,s2,coarse_to_fine,0,False,0.0,-0.24271774884020436,1.0,0.48959298876944113,margin,s2
oracle,0.0,long_00013_4970-121-1320,s3,coarse_to_fine,0,True,0.0,0.4348343025701878,0.9871728581656193,0.4099872764901517,accepted,s3
oracle,0.0,long_00013_4970-121-1320,s1,coarse_to_fine,1,True,0.0,0.43668980950934716,0.9668669705760464,0.4817353938740202,accepted,s1
oracle,0.0,long_00013_4970-121-1320,s2,coarse_to_fine,1,False,0.0,-0.3703110724415284,1.0,0.48959298876944113,margin,s2
oracle,0.0,long_00013_4970-121-1320,s3,coarse_to_fine,1,True,0.0,0.5135586676248108,0.9811802296290404,0.4113030283364138,accepted,s3
real,0.0,long_00013_4970-121-1320,s1,gated_deflation,0,True,3.604080524452782e-05,0.4069983742262092,0.9738460876672259,0.7871535365147495,accepted,SPEAKER_02
real,0.0,long_00013_4970-121-1320,s2,gated_deflation,0,True,9.51296133944204e-05,0.4062117794081429,0.9867042345542897,0.777235864391347,accepted,SPEAKER_00
real,0.0,long_00013_4970-121-1320,s3,gated_deflation,0,True,3.590206212734712e-05,0.550024673114729,0.9968209552679647,0.7715430972764848,accepted,SPEAKER_01
real,0.0,long_00013_4970-121-1320,s1,coarse_to_fine,0,True,3.604080524452782e-05,0.24614683205802895,0.9771851851851852,0.4297393751544191,accepted,SPEAKER_02
real,0.0,long_00013_4970-121-1320,s2,coarse_to_fine,0,False,9.51296133944204e-05,-0.05679985037355134,0.9831111111111112,0.4642210040746335,margin,SPEAKER_00
real,0.0,long_00013_4970-121-1320,s3,coarse_to_fine,0,True,3.590206212734712e-05,0.2934838087541161,1.0,0.46915834559030767,accepted,SPEAKER_01
real,0.0,long_00013_4970-121-1320,s1,coarse_to_fine,1,True,3.604080524452782e-05,0.5021693794557661,0.9775353535353536,0.46036193048139795,accepted,SPEAKER_02
real,0.0,long_00013_4970-121-1320,s2,coarse_to_fine,1,False,9.51296133944204e-05,-0.28792039038497347,0.9831111111111112,0.4642210040746335,margin,SPEAKER_00
real,0.0,long_00013_4970-121-1320,s3,coarse_to_fine,1,True,3.590206212734712e-05,0.5483924638759475,1.0,0.4711490863314253,accepted,SPEAKER_01
oracle,0.0,long_00014_6829-2094-7021,s1,gated_deflation,0,True,0.0,0.18002269366006346,1.0,0.7919104936622082,accepted,s1
oracle,0.0,long_00014_6829-2094-7021,s2,gated_deflation,0,True,0.0,0.31502498428668335,0.9490649217143761,0.6335028963582848,accepted,s2
oracle,0.0,long_00014_6829-2094-7021,s3,gated_deflation,0,True,0.0,0.5337682950464177,1.0,0.7334769648735026,accepted,s3
oracle,0.0,long_00014_6829-2094-7021,s1,coarse_to_fine,0,False,0.0,-0.002816485223195775,1.0,0.37674282760019195,margin,s1
oracle,0.0,long_00014_6829-2094-7021,s2,coarse_to_fine,0,True,0.0,0.38120461370219594,1.0,0.3462106844051225,accepted,s2
oracle,0.0,long_00014_6829-2094-7021,s3,coarse_to_fine,0,True,0.0,0.1980219794798581,1.0,0.2761776213404817,accepted,s3
oracle,0.0,long_00014_6829-2094-7021,s1,coarse_to_fine,1,False,0.0,-0.07876496718171633,1.0,0.37674282760019195,margin,s1
oracle,0.0,long_00014_6829-2094-7021,s2,coarse_to_fine,1,True,0.0,0.28093567672020237,1.0,0.3236683600016709,accepted,s2
oracle,0.0,long_00014_6829-2094-7021,s3,coarse_to_fine,1,True,0.0,0.3067400629108491,1.0,0.2047833587099863,accepted,s3
real,0.0,long_00014_6829-2094-7021,s1,gated_deflation,0,True,2.8840904151418955e-05,0.1352657302410713,0.9984591679506933,0.8007966100879524,accepted,SPEAKER_01
real,0.0,long_00014_6829-2094-7021,s2,gated_deflation,0,True,0.00015121653228374735,0.34377862282967764,0.9978811268945537,0.6628548712730141,accepted,SPEAKER_02
real,0.0,long_00014_6829-2094-7021,s3,gated_deflation,0,True,3.833432350762605e-05,0.5257293983663368,1.0,0.7583085120843631,accepted,SPEAKER_00
real,0.0,long_00014_6829-2094-7021,s1,coarse_to_fine,0,False,2.8840904151418955e-05,-0.14898634577992925,1.0,0.3759424353736588,margin,SPEAKER_01
real,0.0,long_00014_6829-2094-7021,s2,coarse_to_fine,0,True,0.00015121653228374735,0.3983982799948946,1.0,0.33300339246149296,accepted,SPEAKER_02
real,0.0,long_00014_6829-2094-7021,s3,coarse_to_fine,0,True,3.833432350762605e-05,0.21553782994683257,1.0,0.26394634191322436,accepted,SPEAKER_00
real,0.0,long_00014_6829-2094-7021,s1,coarse_to_fine,1,False,2.8840904151418955e-05,-0.13648729483861038,1.0,0.3759424353736588,margin,SPEAKER_01
real,0.0,long_00014_6829-2094-7021,s2,coarse_to_fine,1,True,0.00015121653228374735,0.4065355749908799,1.0,0.3079287930105902,accepted,SPEAKER_02
real,0.0,long_00014_6829-2094-7021,s3,coarse_to_fine,1,True,3.833432350762605e-05,0.3597936152257879,1.0,0.22419586063397523,accepted,SPEAKER_00
oracle,0.0,long_00015_4992-1089-4970,s1,gated_deflation,0,True,0.0,0.5416567170406583,0.976911482597972,0.7288654333403183,accepted,s1
oracle,0.0,long_00015_4992-1089-4970,s2,gated_deflation,0,True,0.0,0.4197711522266577,0.9275994984442484,0.784260242287754,accepted,s2
oracle,0.0,long_00015_4992-1089-4970,s3,gated_deflation,0,True,0.0,0.48394203767424077,0.9035439889161786,0.750222417295203,accepted,s3
oracle,0.0,long_00015_4992-1089-4970,s1,coarse_to_fine,0,True,0.0,0.5015709082286155,0.976911482597972,0.37653547585703906,accepted,s1
oracle,0.0,long_00015_4992-1089-4970,s2,coarse_to_fine,0,True,0.0,0.40367445693859944,0.9961404951128163,0.4272643524420822,accepted,s2
oracle,0.0,long_00015_4992-1089-4970,s3,coarse_to_fine,0,True,0.0,0.41019027459064783,0.8851627936268027,0.5091863921969857,accepted,s3
oracle,0.0,long_00015_4992-1089-4970,s1,coarse_to_fine,1,True,0.0,0.4452127121885713,0.9762263633872293,0.3744784080149681,accepted,s1
oracle,0.0,long_00015_4992-1089-4970,s2,coarse_to_fine,1,True,0.0,0.46969892402153673,0.9958131603787947,0.4301487599000322,accepted,s2
oracle,0.0,long_00015_4992-1089-4970,s3,coarse_to_fine,1,True,0.0,0.43849686769887586,0.9003243277284464,0.5223207443068882,accepted,s3
real,0.0,long_00015_4992-1089-4970,s1,gated_deflation,0,True,4.575704814972334e-05,0.46799390759516224,0.9749920080376308,0.7443030866839846,accepted,SPEAKER_01
real,0.0,long_00015_4992-1089-4970,s2,gated_deflation,0,True,0.0001775399438686778,0.4057806204025481,0.999046822318554,0.8079732771891555,accepted,SPEAKER_02
real,0.0,long_00015_4992-1089-4970,s3,gated_deflation,0,True,4.486392044341745e-05,0.42698677621458203,0.9517037037037037,0.7846564064686055,accepted,SPEAKER_00
real,0.0,long_00015_4992-1089-4970,s1,coarse_to_fine,0,True,4.575704814972334e-05,0.53944274347392,1.0,0.3824613672455763,accepted,SPEAKER_01
real,0.0,long_00015_4992-1089-4970,s2,coarse_to_fine,0,True,0.0001775399438686778,0.33091099335658947,1.0,0.42524975596358844,accepted,SPEAKER_02
real,0.0,long_00015_4992-1089-4970,s3,coarse_to_fine,0,True,4.486392044341745e-05,0.30498296627515187,0.9577492877492878,0.5195616663563681,accepted,SPEAKER_00
real,0.0,long_00015_4992-1089-4970,s1,coarse_to_fine,1,True,4.575704814972334e-05,0.5411344090524493,1.0,0.3824188005194951,accepted,SPEAKER_01
real,0.0,long_00015_4992-1089-4970,s2,coarse_to_fine,1,True,0.0001775399438686778,0.4430908411311785,1.0,0.44126976372051446,accepted,SPEAKER_02
real,0.0,long_00015_4992-1089-4970,s3,coarse_to_fine,1,True,4.486392044341745e-05,0.3582875400934301,0.9763532763532764,0.5374899400728427,accepted,SPEAKER_00
oracle,0.0,long_00016_4970-5639-1221,s1,gated_deflation,0,True,0.0,0.6603085760093003,0.9320976705687596,0.7710476369442162,accepted,s1
oracle,0.0,long_00016_4970-5639-1221,s2,gated_deflation,0,True,0.0,0.17657723397799913,0.9134277970987248,0.7745420880468524,accepted,s2
oracle,0.0,long_00016_4970-5639-1221,s3,gated_deflation,0,True,0.0,0.5298052301295489,1.0,0.7778496825919553,accepted,s3
oracle,0.0,long_00016_4970-5639-1221,s1,coarse_to_fine,0,True,0.0,0.6185446042383163,0.9329032162705451,0.5263928490927015,accepted,s1
oracle,0.0,long_00016_4970-5639-1221,s2,coarse_to_fine,0,False,0.0,-0.4158043084921674,0.9274269835639115,0.3859075984562124,margin,s2
oracle,0.0,long_00016_4970-5639-1221,s3,coarse_to_fine,0,True,0.0,0.5650395403066099,1.0,0.5566149629114268,accepted,s3
oracle,0.0,long_00016_4970-5639-1221,s1,coarse_to_fine,1,True,0.0,0.6220341764101494,0.9386602814236727,0.5620690647634882,accepted,s1
oracle,0.0,long_00016_4970-5639-1221,s2,coarse_to_fine,1,False,0.0,-0.4843083776212986,0.9274269835639115,0.3859075984562124,margin,s2
oracle,0.0,long_00016_4970-5639-1221,s3,coarse_to_fine,1,True,0.0,0.6103639560649843,1.0,0.5604696495085851,accepted,s3
real,0.0,long_00016_4970-5639-1221,s1,gated_deflation,0,True,4.470519069353351e-05,0.5850186867534484,0.9687486302870918,0.7875965562820185,accepted,SPEAKER_00
real,0.0,long_00016_4970-5639-1221,s2,gated_deflation,0,True,0.00013313173420209014,0.23460531956552477,0.9862903454334212,0.7981561198490882,accepted,SPEAKER_02
real,0.0,long_00016_4970-5639-1221,s3,gated_deflation,0,True,3.765145612163485e-05,0.6295807147728164,1.0,0.797442949946503,accepted,SPEAKER_01
real,0.0,long_00016_4970-5639-1221,s1,coarse_to_fine,0,True,4.470519069353351e-05,0.41621332324153437,0.9788625445529211,0.49324656078445184,accepted,SPEAKER_00
real,0.0,long_00016_4970-5639-1221,s2,coarse_to_fine,0,False,0.00013313173420209014,-0.08873921437456816,0.9816519448318611,0.37508115987592316,margin,SPEAKER_02
real,0.0,long_00016_4970-5639-1221,s3,coarse_to_fine,0,True,3.765145612163485e-05,0.5129408936205928,1.0,0.537666884366013,accepted,SPEAKER_01
real,0.0,long_00016_4970-5639-1221,s1,coarse_to_fine,1,True,4.470519069353351e-05,0.4250313702886291,0.9865798853246552,0.5996376523821189,accepted,SPEAKER_00
real,0.0,long_00016_4970-5639-1221,s2,coarse_to_fine,1,False,0.00013313173420209014,-0.1925999322968473,0.9816519448318611,0.37508115987592316,margin,SPEAKER_02
real,0.0,long_00016_4970-5639-1221,s3,coarse_to_fine,1,True,3.765145612163485e-05,0.6677225346384712,1.0,0.5178977996653706,accepted,SPEAKER_01
oracle,0.0,long_00017_4507-908-6829,s1,gated_deflation,0,True,0.0,0.4369699493275259,0.9236391746265001,0.7328031700061052,accepted,s1
oracle,0.0,long_00017_4507-908-6829,s2,gated_deflation,0,True,0.0,0.4910727376426698,0.9487675450936259,0.750548989347228,accepted,s2
oracle,0.0,long_00017_4507-908-6829,s3,gated_deflation,0,True,0.0,0.3815812394825983,0.9662610972727853,0.7618262003831451,accepted,s3
oracle,0.0,long_00017_4507-908-6829,s1,coarse_to_fine,0,False,0.0,0.016621841199885523,0.9236391746265001,0.33699636950694084,margin,s1
oracle,0.0,long_00017_4507-908-6829,s2,coarse_to_fine,0,True,0.0,0.47442411739948764,0.8994688341905461,0.35675965299068785,accepted,s2
oracle,0.0,long_00017_4507-908-6829,s3,coarse_to_fine,0,True,0.0,0.4656773848717546,0.9627642587979818,0.45457670498125907,accepted,s3
oracle,0.0,long_00017_4507-908-6829,s1,coarse_to_fine,1,False,0.0,-0.053390589840000335,0.9236391746265001,0.33699636950694084,margin,s1
oracle,0.0,long_00017_4507-908-6829,s2,coarse_to_fine,1,True,0.0,0.5841088005383261,0.9014817536125398,0.36561158169344166,accepted,s2
oracle,0.0,long_00017_4507-908-6829,s3,coarse_to_fine,1,True,0.0,0.5938152338896978,0.9646883183240723,0.485729940812292,accepted,s3
real,0.0,long_00017_4507-908-6829,s1,gated_deflation,0,True,6.225083486552495e-05,0.42353557637040945,0.9700781398894607,0.7625971250384256,accepted,SPEAKER_02
real,0.0,long_00017_4507-908-6829,s2,gated_deflation,0,True,6.941011486897473e-05,0.5000308497489954,0.9897712852294526,0.7760814220005323,accepted,SPEAKER_00
real,0.0,long_00017_4507-908-6829,s3,gated_deflation,0,True,4.2462933007242863e-05,0.3573786244718563,0.9951719576719577,0.774165259328261,accepted,SPEAKER_01
real,0.0,long_00017_4507-908-6829,s1,coarse_to_fine,0,True,6.225083486552495e-05,0.18653598006530742,1.0,0.3293657701870642,accepted,SPEAKER_02
real,0.0,long_00017_4507-908-6829,s2,coarse_to_fine,0,True,6.941011486897473e-05,0.2856975840809166,1.0,0.43847537833585015,accepted,SPEAKER_00
real,0.0,long_00017_4507-908-6829,s3,coarse_to_fine,0,True,4.2462933007242863e-05,0.40024296054777814,1.0,0.4602541591563036,accepted,SPEAKER_01
real,0.0,long_00017_4507-908-6829,s1,coarse_to_fine,1,True,6.225083486552495e-05,0.46714421431037045,1.0,0.2897549802079392,accepted,SPEAKER_02
real,0.0,long_00017_4507-908-6829,s2,coarse_to_fine,1,True,6.941011486897473e-05,0.5251540875495162,1.0,0.44229933514529723,accepted,SPEAKER_00
real,0.0,long_00017_4507-908-6829,s3,coarse_to_fine,1,True,4.2462933007242863e-05,0.5573460326264736,1.0,0.5196791514486675,accepted,SPEAKER_01
oracle,0.0,long_00018_4970-1089-3729,s1,gated_deflation,0,True,0.0,0.4419432968057889,0.9613175243215566,0.7888352953299778,accepted,s1
oracle,0.0,long_00018_4970-1089-3729,s2,gated_deflation,0,True,0.0,0.46634206521335775,0.9595187627571047,0.7690403465240168,accepted,s2
oracle,0.0,long_00018_4970-1089-3729,s3,gated_deflation,0,True,0.0,0.46708050592331407,0.9930106035386228,0.7502157171327946,accepted,s3
oracle,0.0,long_00018_4970-1089-3729,s1,coarse_to_fine,0,True,0.0,0.3736202146001535,0.9613175243215566,0.5142616864972382,accepted,s1
oracle,0.0,long_00018_4970-1089-3729,s2,coarse_to_fine,0,True,0.0,0.4663460467333585,0.9954534245730843,0.4402689981485966,accepted,s2
oracle,0.0,long_00018_4970-1089-3729,s3,coarse_to_fine,0,True,0.0,0.17756501710461858,0.9926021823562049,0.4594778531992319,accepted,s3
oracle,0.0,long_00018_4970-1089-3729,s1,coarse_to_fine,1,True,0.0,0.45021124881713637,0.96927003328213,0.5466013090837034,accepted,s1
oracle,0.0,long_00018_4970-1089-3729,s2,coarse_to_fine,1,True,0.0,0.5166507175894977,1.0,0.45310734730536345,accepted,s2
oracle,0.0,long_00018_4970-1089-3729,s3,coarse_to_fine,1,False,0.0,0.05196694053200701,0.9920781702731027,0.47012896397422427,margin,s3
real,0.0,long_00018_4970-1089-3729,s1,gated_deflation,0,True,5.574649297728759e-05,0.48078104085038237,0.9780238126620096,0.8172647788004107,accepted,SPEAKER_00
real,0.0,long_00018_4970-1089-3729,s2,gated_deflation,0,True,0.00022873093926866904,0.3166619702742135,0.9974582889598864,0.7746577262779422,accepted,SPEAKER_01
real,0.0,long_00018_4970-1089-3729,s3,gated_deflation,0,True,6.055783314812892e-05,0.5832284076801502,0.9285903250188965,0.7718507843947674,accepted,SPEAKER_02
real,0.0,long_00018_4970-1089-3729,s1,coarse_to_fine,0,True,5.574649297728759e-05,0.49553144074856914,0.9917392592592592,0.499244672047127,accepted,SPEAKER_00
real,0.0,long_00018_4970-1089-3729,s2,coarse_to_fine,0,True,0.00022873093926866904,0.3351764131718013,0.9939612390952306,0.4810621880931045,accepted,SPEAKER_01
real,0.0,long_00018_4970-1089-3729,s3,coarse_to_fine,0,True,6.055783314812892e-05,0.5340553858591222,1.0,0.42960658250985256,accepted,SPEAKER_02
real,0.0,long_00018_4970-1089-3729,s1,coarse_to_fine,1,True,5.574649297728759e-05,0.5158462444828145,0.9927111111111111,0.5294237672141759,accepted,SPEAKER_00
real,0.0,long_00018_4970-1089-3729,s2,coarse_to_fine,1,True,0.00022873093926866904,0.44811324682105796,0.9948806352191402,0.4868858756364639,accepted,SPEAKER_01
real,0.0,long_00018_4970-1089-3729,s3,coarse_to_fine,1,True,6.055783314812892e-05,0.6026854320510888,1.0,0.46997691659321533,accepted,SPEAKER_02
oracle,0.0,long_00019_3729-5639-3570,s1,gated_deflation,0,True,0.0,0.483840544818895,0.9370048225973131,0.7702118216018021,accepted,s1
oracle,0.0,long_00019_3729-5639-3570,s2,gated_deflation,0,True,0.0,0.2992779062869849,0.9614722852608315,0.7672690005208604,accepted,s2
oracle,0.0,long_00019_3729-5639-3570,s3,gated_deflation,0,True,0.0,0.3473241219876571,0.9747797931436639,0.6942315829224162,accepted,s3
oracle,0.0,long_00019_3729-5639-3570,s1,coarse_to_fine,0,True,0.0,0.29941128112132925,0.9370048225973131,0.40268206539663387,accepted,s1
oracle,0.0,long_00019_3729-5639-3570,s2,coarse_to_fine,0,False,0.0,-0.23454965635122282,1.0,0.3778699331827744,margin,s2
oracle,0.0,long_00019_3729-5639-3570,s3,coarse_to_fine,0,True,0.0,0.48390573554534205,0.9705060921339349,0.2907793682245833,accepted,s3
oracle,0.0,long_00019_3729-5639-3570,s1,coarse_to_fine,1,True,0.0,0.48818848061811365,0.9295341026524285,0.38476620263657507,accepted,s1
oracle,0.0,long_00019_3729-5639-3570,s2,coarse_to_fine,1,False,0.0,-0.41313700338401405,1.0,0.3778699331827744,margin,s2
oracle,0.0,long_00019_3729-5639-3570,s3,coarse_to_fine,1,True,0.0,0.6221800813130371,0.9707976552189792,0.28276926833330984,accepted,s3
real,0.0,long_00019_3729-5639-3570,s1,gated_deflation,0,True,4.75186198639977e-05,0.5498264849815117,0.9472021419009371,0.7870338933086298,accepted,SPEAKER_02
real,0.0,long_00019_3729-5639-3570,s2,gated_deflation,0,True,6.838982096905611e-05,0.24908354496282625,0.9999495408214755,0.8097999811099249,accepted,SPEAKER_01
real,0.0,long_00019_3729-5639-3570,s3,gated_deflation,0,True,5.470677980402941e-05,0.35305419118687464,0.9348448687350835,0.6911380692649851,accepted,SPEAKER_00
real,0.0,long_00019_3729-5639-3570,s1,coarse_to_fine,0,True,4.75186198639977e-05,0.16054929929224587,0.9211170848267622,0.34164925659980133,accepted,SPEAKER_02
real,0.0,long_00019_3729-5639-3570,s2,coarse_to_fine,0,False,6.838982096905611e-05,-0.08185647403591284,1.0,0.41490813212905175,margin,SPEAKER_01
real,0.0,long_00019_3729-5639-3570,s3,coarse_to_fine,0,True,5.470677980402941e-05,0.45416519301079117,0.9650924494819394,0.26887011371088004,accepted,SPEAKER_00
real,0.0,long_00019_3729-5639-3570,s1,coarse_to_fine,1,True,4.75186198639977e-05,0.39610271178138945,0.921236559139785,0.36552208848264245,accepted,SPEAKER_02
real,0.0,long_00019_3729-5639-3570,s2,coarse_to_fine,1,False,6.838982096905611e-05,-0.1490193528929104,1.0,0.41490813212905175,margin,SPEAKER_01
real,0.0,long_00019_3729-5639-3570,s3,coarse_to_fine,1,True,5.470677980402941e-05,0.5963728098667216,0.9692598317018719,0.26867937581118845,accepted,SPEAKER_00
oracle,0.0,long_00020_1284-1580-260,s1,gated_deflation,0,True,0.0,0.3155253571155584,0.9965850837709427,0.7501935753383001,accepted,s1
oracle,0.0,long_00020_1284-1580-260,s2,gated_deflation,0,True,0.0,0.3569665800151647,0.9890019066949596,0.828833852777481,accepted,s2
oracle,0.0,long_00020_1284-1580-260,s3,gated_deflation,0,True,0.0,0.4940296494581278,1.0,0.7387924972072404,accepted,s3
oracle,0.0,long_00020_1284-1580-260,s1,coarse_to_fine,0,True,0.0,0.21688668633920483,0.9965850837709427,0.4161401979690619,accepted,s1
oracle,0.0,long_00020_1284-1580-260,s2,coarse_to_fine,0,True,0.0,0.405255488944725,0.9934628654439804,0.5942143574127478,accepted,s2
oracle,0.0,long_00020_1284-1580-260,s3,coarse_to_fine,0,True,0.0,0.5015047749893308,0.9863204406512923,0.4445581094656793,accepted,s3
oracle,0.0,long_00020_1284-1580-260,s1,coarse_to_fine,1,True,0.0,0.3931471854146453,1.0,0.4203843755751964,accepted,s1
oracle,0.0,long_00020_1284-1580-260,s2,coarse_to_fine,1,True,0.0,0.45766384234802304,1.0,0.6014899924062561,accepted,s2
oracle,0.0,long_00020_1284-1580-260,s3,coarse_to_fine,1,True,0.0,0.56110157963473,0.9875764178923794,0.452676198729193,accepted,s3
real,0.0,long_00020_1284-1580-260,s1,gated_deflation,0,True,7.574949749918957e-05,0.27894172891697766,1.0,0.7720897766745255,accepted,SPEAKER_01
real,0.0,long_00020_1284-1580-260,s2,gated_deflation,0,True,5.4341277430530284e-05,0.3059011327708862,0.99996356159392,0.8503350003606153,accepted,SPEAKER_02
real,0.0,long_00020_1284-1580-260,s3,gated_deflation,0,True,1.6196220578945506e-05,0.5388243803760883,0.9927737809752198,0.741975151821254,accepted,SPEAKER_00
real,0.0,long_00020_1284-1580-260,s1,coarse_to_fine,0,True,7.574949749918957e-05,0.3000608626244539,1.0,0.41068767823990354,accepted,SPEAKER_01
real,0.0,long_00020_1284-1580-260,s2,coarse_to_fine,0,True,5.4341277430530284e-05,0.3394703824607854,1.0,0.6338264371605811,accepted,SPEAKER_02
real,0.0,long_00020_1284-1580-260,s3,coarse_to_fine,0,True,1.6196220578945506e-05,0.2725601840508219,1.0,0.47416819266257115,accepted,SPEAKER_00
real,0.0,long_00020_1284-1580-260,s1,coarse_to_fine,1,True,7.574949749918957e-05,0.4699846190118981,1.0,0.3964559405648758,accepted,SPEAKER_01
real,0.0,long_00020_1284-1580-260,s2,coarse_to_fine,1,True,5.4341277430530284e-05,0.4458037565962357,1.0,0.6368096511683973,accepted,SPEAKER_02
real,0.0,long_00020_1284-1580-260,s3,coarse_to_fine,1,True,1.6196220578945506e-05,0.4692416608800708,1.0,0.4556745871746906,accepted,SPEAKER_00
oracle,0.0,long_00021_4507-260-1580,s1,gated_deflation,0,True,0.0,0.6251360592822396,0.8503974047039741,0.7411693247461679,accepted,s1
oracle,0.0,long_00021_4507-260-1580,s2,gated_deflation,0,True,0.0,0.4079473578352237,0.9811091087293307,0.7558406936161277,accepted,s2
oracle,0.0,long_00021_4507-260-1580,s3,gated_deflation,0,True,0.0,0.53555571398492,0.9879212530447384,0.8221246636006444,accepted,s3
oracle,0.0,long_00021_4507-260-1580,s1,coarse_to_fine,0,True,0.0,0.16453683003800157,0.8505758313057583,0.3356386274340189,accepted,s1
oracle,0.0,long_00021_4507-260-1580,s2,coarse_to_fine,0,True,0.0,0.5070147763711743,0.9927697098634107,0.4997157308440073,accepted,s2
oracle,0.0,long_00021_4507-260-1580,s3,coarse_to_fine,0,True,0.0,0.5014743833550412,0.9842983997780039,0.6182057127327266,accepted,s3
oracle,0.0,long_00021_4507-260-1580,s1,coarse_to_fine,1,True,0.0,0.32823621827515126,0.8303244120032441,0.3330600142305815,accepted,s1
oracle,0.0,long_00021_4507-260-1580,s2,coarse_to_fine,1,True,0.0,0.6000657371493503,0.99225326056794,0.4972220071430292,accepted,s2
oracle,0.0,long_00021_4507-260-1580,s3,coarse_to_fine,1,True,0.0,0.5693597095703018,0.9923149261554589,0.6314722265860679,accepted,s3
real,0.0,long_00021_4507-260-1580,s1,gated_deflation,0,True,5.3210509564576665e-05,0.6141244974390394,0.8228336590988824,0.751607901800497,accepted,SPEAKER_01
real,0.0,long_00021_4507-260-1580,s2,gated_deflation,0,True,7.108315001981708e-05,0.42198234358767084,0.9533737373737374,0.7736825005239478,accepted,SPEAKER_00
real,0.0,long_00021_4507-260-1580,s3,gated_deflation,0,True,4.424542336106446e-05,0.49807560300366727,0.9999767062660144,0.8407603896349258,accepted,SPEAKER_02
real,0.0,long_00021_4507-260-1580,s1,coarse_to_fine,0,True,5.3210509564576665e-05,0.37345266711118696,0.8584493041749502,0.312736822183258,accepted,SPEAKER_01
real,0.0,long_00021_4507-260-1580,s2,coarse_to_fine,0,True,7.108315001981708e-05,0.5999820155893791,0.9637434651351152,0.3636181731907933,accepted,SPEAKER_00
real,0.0,long_00021_4507-260-1580,s3,coarse_to_fine,0,True,4.424542336106446e-05,0.3894767895106134,1.0,0.6227330171293247,accepted,SPEAKER_02
real,0.0,long_00021_4507-260-1580,s1,coarse_to_fine,1,True,5.3210509564576665e-05,0.5561770567774578,0.859421250276121,0.32503847199110025,accepted,SPEAKER_01
real,0.0,long_00021_4507-260-1580,s2,coarse_to_fine,1,True,7.108315001981708e-05,0.637815567046755,0.9616523083719902,0.35308569599092593,accepted,SPEAKER_00
real,0.0,long_00021_4507-260-1580,s3,coarse_to_fine,1,True,4.424542336106446e-05,0.5575239564400181,1.0,0.6330788002926951,accepted,SPEAKER_02
oracle,0.0,long_00022_1320-4992-7729,s1,gated_deflation,0,True,0.0,0.5472477850803332,0.9810544246900856,0.7101800081381363,accepted,s1
oracle,0.0,long_00022_1320-4992-7729,s2,gated_deflation,0,True,0.0,0.17969385205655275,0.9748892567557211,0.7648964029219663,accepted,s2
oracle,0.0,long_00022_1320-4992-7729,s3,gated_deflation,0,True,0.0,0.4504804906117084,0.9704325019794141,0.6853075967466925,accepted,s3
oracle,0.0,long_00022_1320-4992-7729,s1,coarse_to_fine,0,True,0.0,0.5789579503090216,0.9810544246900856,0.26146619245513364,accepted,s1
oracle,0.0,long_00022_1320-4992-7729,s2,coarse_to_fine,0,True,0.0,0.3670811221791007,0.9760013169572561,0.39069741363442273,accepted,s2
oracle,0.0,long_00022_1320-4992-7729,s3,coarse_to_fine,0,True,0.0,0.48622133677558815,0.9654922143045659,0.2839827734181422,accepted,s3
oracle,0.0,long_00022_1320-4992-7729,s1,coarse_to_fine,1,True,0.0,0.5891206414699854,0.9811761000887514,0.2627520004224819,accepted,s1
oracle,0.0,long_00022_1320-4992-7729,s2,coarse_to_fine,1,True,0.0,0.46217970988377743,0.9688296258123622,0.39469032380891994,accepted,s2
oracle,0.0,long_00022_1320-4992-7729,s3,coarse_to_fine,1,True,0.0,0.49882718744312027,0.965335510688836,0.29787359611089864,accepted,s3
real,0.0,long_00022_1320-4992-7729,s1,gated_deflation,0,True,2.8468005443230447e-05,0.48195174787269884,0.9896095190212837,0.7255624205135562,accepted,SPEAKER_00
real,0.0,long_00022_1320-4992-7729,s2,gated_deflation,0,True,7.539086866586853e-05,0.15592920718757847,0.9851242381622128,0.7851240839720651,accepted,SPEAKER_02
real,0.0,long_00022_1320-4992-7729,s3,gated_deflation,0,True,6.18847573851527e-05,0.5033998924341925,0.9762026394210302,0.7012718056316055,accepted,SPEAKER_01
real,0.0,long_00022_1320-4992-7729,s1,coarse_to_fine,0,True,2.8468005443230447e-05,0.4293122105400851,0.9819189268008166,0.25974676771935246,accepted,SPEAKER_00
real,0.0,long_00022_1320-4992-7729,s2,coarse_to_fine,0,True,7.539086866586853e-05,0.26944051812738323,0.9815106445027705,0.4226862369446107,accepted,SPEAKER_02
real,0.0,long_00022_1320-4992-7729,s3,coarse_to_fine,0,True,6.18847573851527e-05,0.45325280344994284,0.985778908679672,0.2965971349109368,accepted,SPEAKER_01
real,0.0,long_00022_1320-4992-7729,s1,coarse_to_fine,1,True,2.8468005443230447e-05,0.5433307627008152,0.9845581802274715,0.2732196362710113,accepted,SPEAKER_00
real,0.0,long_00022_1320-4992-7729,s2,coarse_to_fine,1,True,7.539086866586853e-05,0.41254559042024896,0.9809419655876349,0.4192393254032763,accepted,SPEAKER_02
real,0.0,long_00022_1320-4992-7729,s3,coarse_to_fine,1,True,6.18847573851527e-05,0.5098215997791073,0.985778908679672,0.30246067380142977,accepted,SPEAKER_01
oracle,0.0,long_00023_5639-7127-2094,s1,gated_deflation,0,True,0.0,0.3206123505085742,0.9141522029372496,0.740961847857477,accepted,s1
oracle,0.0,long_00023_5639-7127-2094,s2,gated_deflation,0,True,0.0,0.40829063396662735,0.9612074074074074,0.7903997880104757,accepted,s2
oracle,0.0,long_00023_5639-7127-2094,s3,gated_deflation,0,True,0.0,0.41444143309003667,1.0,0.7241675846199475,accepted,s3
oracle,0.0,long_00023_5639-7127-2094,s1,coarse_to_fine,0,False,0.0,-0.19464257121155082,0.9141522029372496,0.41445771820969524,margin,s1
oracle,0.0,long_00023_5639-7127-2094,s2,coarse_to_fine,0,True,0.0,0.4732152819917084,0.9791907086847167,0.533523633611482,accepted,s2
oracle,0.0,long_00023_5639-7127-2094,s3,coarse_to_fine,0,True,0.0,0.1583978094482451,1.0,0.4170470323238334,accepted,s3
oracle,0.0,long_00023_5639-7127-2094,s1,coarse_to_fine,1,False,0.0,-0.2376183560269849,0.9141522029372496,0.41445771820969524,margin,s1
oracle,0.0,long_00023_5639-7127-2094,s2,coarse_to_fine,1,True,0.0,0.46875724597379753,0.9825935789317947,0.5362466228478316,accepted,s2
oracle,0.0,long_00023_5639-7127-2094,s3,coarse_to_fine,1,True,0.0,0.2512187928449836,1.0,0.3912091919274962,accepted,s3
real,0.0,long_00023_5639-7127-2094,s1,gated_deflation,0,True,6.059702578724267e-05,0.2923267175088048,0.9873847216057602,0.7567109009158072,accepted,SPEAKER_01
real,0.0,long_00023_5639-7127-2094,s3,gated_deflation,0,True,5.354582560683897e-05,0.4287223525596119,0.9971667825108397,0.730613586505545,accepted,SPEAKER_00
real,0.0,long_00023_5639-7127-2094,s2,gated_deflation,0,True,5.0143949731048285e-05,0.40115097390057197,0.9898782698782699,0.8255379605997553,accepted,SPEAKER_02
real,0.0,long_00023_5639-7127-2094,s1,coarse_to_fine,0,False,6.059702578724267e-05,-0.3763603819114039,0.9929189100995268,0.4356743772848479,margin,SPEAKER_01
real,0.0,long_00023_5639-7127-2094,s3,coarse_to_fine,0,True,5.354582560683897e-05,0.37518015379984493,1.0,0.3858594033869439,accepted,SPEAKER_00
real,0.0,long_00023_5639-7127-2094,s2,coarse_to_fine,0,True,5.0143949731048285e-05,0.3221058954741065,0.9860662424539076,0.46180850316767136,accepted,SPEAKER_02
real,0.0,long_00023_5639-7127-2094,s1,coarse_to_fine,1,False,6.059702578724267e-05,-0.49865764610641866,0.9929189100995268,0.4356743772848479,margin,SPEAKER_01
real,0.0,long_00023_5639-7127-2094,s3,coarse_to_fine,1,True,5.354582560683897e-05,0.48214904133140973,1.0,0.3814381352143795,accepted,SPEAKER_00
real,0.0,long_00023_5639-7127-2094,s2,coarse_to_fine,1,True,5.0143949731048285e-05,0.5132538744885082,0.9862783488334149,0.4776872963549023,accepted,SPEAKER_02
oracle,0.0,long_00024_8224-1284-2961,s1,gated_deflation,0,True,0.0,0.5947592058176835,0.9206098140557238,0.7104507131533231,accepted,s1
oracle,0.0,long_00024_8224-1284-2961,s2,gated_deflation,0,True,0.0,0.4066315278241492,0.9527769312261454,0.7137087031668085,accepted,s2
oracle,0.0,long_00024_8224-1284-2961,s3,gated_deflation,0,True,0.0,0.37433222600237,0.9270593910501972,0.7644690785497651,accepted,s3
oracle,0.0,long_00024_8224-1284-2961,s1,coarse_to_fine,0,False,0.0,-0.055458732269851374,0.9206098140557238,0.2841745929717764,margin,s1
oracle,0.0,long_00024_8224-1284-2961,s2,coarse_to_fine,0,True,0.0,0.35176582154692415,0.9795621577140263,0.3545131783269318,accepted,s2
oracle,0.0,long_00024_8224-1284-2961,s3,coarse_to_fine,0,False,0.0,-0.19746123737445626,0.9548820975568231,0.3704179970570418,margin,s3
oracle,0.0,long_00024_8224-1284-2961,s1,coarse_to_fine,1,False,0.0,-0.13805168666254064,0.9206098140557238,0.2841745929717764,margin,s1
oracle,0.0,long_00024_8224-1284-2961,s2,coarse_to_fine,1,True,0.0,0.5127581567126694,0.9736812235748135,0.35398262515896345,accepted,s2
oracle,0.0,long_00024_8224-1284-2961,s3,coarse_to_fine,1,False,0.0,-0.35505013308954864,0.9548820975568231,0.3704179970570418,margin,s3
real,0.0,long_00024_8224-1284-2961,s1,gated_deflation,0,True,6.258218473510499e-05,0.5560042510214243,0.9941326392278076,0.7653191697400549,accepted,SPEAKER_00
real,0.0,long_00024_8224-1284-2961,s2,gated_deflation,0,True,4.8191692779609266e-05,0.4963742872410086,0.9883633465341602,0.7315303878250679,accepted,SPEAKER_02
real,0.0,long_00024_8224-1284-2961,s3,gated_deflation,0,True,6.238274628621794e-05,0.36400437183596657,0.9798968122351207,0.7996185292164768,accepted,SPEAKER_01
real,0.0,long_00024_8224-1284-2961,s1,coarse_to_fine,0,False,6.258218473510499e-05,-0.02031826263124753,1.0,0.19160033704813037,margin,SPEAKER_00
real,0.0,long_00024_8224-1284-2961,s2,coarse_to_fine,0,True,4.8191692779609266e-05,0.4565955337690201,1.0,0.3235374980886088,accepted,SPEAKER_02
real,0.0,long_00024_8224-1284-2961,s3,coarse_to_fine,0,False,6.238274628621794e-05,-0.23373211457608345,0.9882224407298154,0.4010123098383418,margin,SPEAKER_01
real,0.0,long_00024_8224-1284-2961,s1,coarse_to_fine,1,False,6.258218473510499e-05,-0.09430320810534243,1.0,0.19160033704813037,margin,SPEAKER_00
real,0.0,long_00024_8224-1284-2961,s2,coarse_to_fine,1,True,4.8191692779609266e-05,0.6485504498541508,1.0,0.3281972224017981,accepted,SPEAKER_02
real,0.0,long_00024_8224-1284-2961,s3,coarse_to_fine,1,False,6.238274628621794e-05,-0.4000561611769541,0.9882224407298154,0.4010123098383418,margin,SPEAKER_01
