scene,speaker,m,population,mean_variance,margin,vad_coverage,artifact_score
long_00000_5338-5694-1673,s1,3,honest,0.0,0.44195415145423383,0.9440069364897543,0.7226518670519754
long_00000_5338-5694-1673,s1,3,correct,0.0,0.44195415145423383,0.9440069364897543,0.7226518670519754
long_00000_5338-5694-1673,s1,3,contaminated,0.0,0.44195415145423383,0.9440069364897543,0.7226518670519754
long_00000_5338-5694-1673,s1,3,swapped,0.0,0.4249671400388674,0.9370704467353952,0.7191640031694453
long_00000_5338-5694-1673,s1,3,clean_correct,0.0,0.4911692171090217,0.7110617920325825,0.706748201802179
long_00000_5338-5694-1673,s1,3,clean_swapped,0.0,0.44943077068264636,0.0,0.7936337677886149
long_00000_5338-5694-1673,s2,3,honest,0.0,0.5148409005127041,0.9577953763698904,0.7349299359050996
long_00000_5338-5694-1673,s2,3,correct,0.0,0.5148409005127041,0.9577953763698904,0.7349299359050996
long_00000_5338-5694-1673,s2,3,contaminated,0.00011361206198774302,0.5148409005127041,0.9577953763698904,0.7349299359050996
long_00000_5338-5694-1673,s2,3,swapped,0.0,0.29603673034060607,0.9325293976481881,0.754492091060458
long_00000_5338-5694-1673,s2,3,clean_correct,0.0,0.6372373321171031,0.8022358211343092,0.7218430113995402
long_00000_5338-5694-1673,s2,3,clean_swapped,0.0,0.014459012561162776,0.3572314214862811,0.804891647521973
long_00000_5338-5694-1673,s3,3,honest,0.0,0.5318810488037058,0.895742832319722,0.7514409120999372
long_00000_5338-5694-1673,s3,3,correct,0.0,0.5318810488037058,0.895742832319722,0.7514409120999372
long_00000_5338-5694-1673,s3,3,contaminated,0.0,0.5318810488037058,0.895742832319722,0.7514409120999372
long_00000_5338-5694-1673,s3,3,swapped,0.0,0.49893425589216117,0.9723348457058275,0.751602666111528
long_00000_5338-5694-1673,s3,3,clean_correct,0.0,0.5479927884076707,0.8626637062779547,0.7529781067161659
long_00000_5338-5694-1673,s3,3,clean_swapped,0.0,0.4348016157307545,0.7719374456993918,0.7383606353144715
long_00001_2277-3752-652,s1,3,honest,0.0,0.5466343166543706,0.9396162714097497,0.7470959807184141
long_00001_2277-3752-652,s1,3,correct,0.0,0.5466343166543706,0.9396162714097497,0.7470959807184141
long_00001_2277-3752-652,s1,3,contaminated,0.0,0.5466343166543706,0.9396162714097497,0.7470959807184141
long_00001_2277-3752-652,s1,3,swapped,0.0,0.5142527037542903,0.9765974967061923,0.7420774779001805
long_00001_2277-3752-652,s1,3,clean_correct,0.0,0.641748662115394,0.8010869565217391,0.7333326897658857
long_00001_2277-3752-652,s1,3,clean_swapped,0.0,0.5639694176060768,0.0009387351778656126,0.814114273395691
long_00001_2277-3752-652,s2,3,honest,0.0,0.25282618483133446,0.9463098898918758,0.7073081783227991
long_00001_2277-3752-652,s2,3,correct,0.0,0.25282618483133446,0.9463098898918758,0.7073081783227991
long_00001_2277-3752-652,s2,3,contaminated,6.794269544091534e-05,0.25282618483133446,0.9463098898918758,0.7073081783227991
long_00001_2277-3752-652,s2,3,swapped,0.0,0.2543072207654692,0.9572463049300665,0.7707280719773555
long_00001_2277-3752-652,s2,3,clean_correct,0.0,0.5048404191843794,0.7446888536190193,0.7190062805891001
long_00001_2277-3752-652,s2,3,clean_swapped,0.0,0.10292839444902241,0.39268591078927356,0.8067203534326411
long_00001_2277-3752-652,s3,3,honest,0.0,0.431542291861307,1.0,0.7212295118216505
long_00001_2277-3752-652,s3,3,correct,0.0,0.431542291861307,1.0,0.7212295118216505
long_00001_2277-3752-652,s3,3,contaminated,0.0,0.431542291861307,1.0,0.7212295118216505
long_00001_2277-3752-652,s3,3,swapped,0.0,0.45291999455421433,0.9963071765252606,0.7057325546211726
long_00001_2277-3752-652,s3,3,clean_correct,0.0,0.5459089597337248,0.976822346146186,0.7197969571298032
long_00001_2277-3752-652,s3,3,clean_swapped,0.0,0.3161763130523513,0.8113921529575782,0.7154023098567811
long_00002_1272-3752-3576,s1,3,honest,0.0,0.3367437575309072,0.9594152626362735,0.7612503582129542
long_00002_1272-3752-3576,s1,3,correct,0.0,0.3367437575309072,0.9594152626362735,0.7612503582129542
long_00002_1272-3752-3576,s1,3,contaminated,0.0,0.3367437575309072,0.9594152626362735,0.7612503582129542
long_00002_1272-3752-3576,s1,3,swapped,0.0,0.3559250302570038,0.9679798480343574,0.7783121230284722
long_00002_1272-3752-3576,s1,3,clean_correct,0.0,0.4209243396624019,0.7175090849025437,0.7705226131236365
long_00002_1272-3752-3576,s1,3,clean_swapped,0.0,0.39103429639146703,0.0008506772381896266,0.8406038833609593
long_00002_1272-3752-3576,s2,3,honest,0.0,0.1635627170879168,0.9241365364393755,0.7354825644498426
long_00002_1272-3752-3576,s2,3,correct,0.0,0.1635627170879168,0.9241365364393755,0.7354825644498426
long_00002_1272-3752-3576,s2,3,contaminated,6.253437805370341e-05,0.1635627170879168,0.9241365364393755,0.7354825644498426
long_00002_1272-3752-3576,s2,3,swapped,0.0,0.17908784101143493,0.9514883118984065,0.7390558816406158
long_00002_1272-3752-3576,s2,3,clean_correct,0.0,0.43817587656193546,0.7595648305427485,0.7529462493820682
long_00002_1272-3752-3576,s2,3,clean_swapped,0.0,0.07728842830869065,0.3510555690366416,0.8260688162332157
long_00002_1272-3752-3576,s3,3,honest,0.0,0.5226381727524565,0.8720637184973847,0.6683379811212042
long_00002_1272-3752-3576,s3,3,correct,0.0,0.5226381727524565,0.8720637184973847,0.6683379811212042
long_00002_1272-3752-3576,s3,3,contaminated,0.0,0.5226381727524565,0.8720637184973847,0.6683379811212042
long_00002_1272-3752-3576,s3,3,swapped,0.0,0.507975487082926,0.9077983832620067,0.6568507560834057
long_00002_1272-3752-3576,s3,3,clean_correct,0.0,0.5583385748518818,0.9133460136313203,0.6644889632377164
long_00002_1272-3752-3576,s3,3,clean_swapped,0.0,0.47238015693334223,0.711182437787288,0.6638660415274478
long_00003_3752-6313-3170,s1,3,honest,0.0,0.3555421647088957,0.9407985950642388,0.7174281662205059
long_00003_3752-6313-3170,s1,3,correct,0.0,0.3555421647088957,0.9407985950642388,0.7174281662205059
long_00003_3752-6313-3170,s1,3,contaminated,0.0,0.3555421647088957,0.9407985950642388,0.7174281662205059
long_00003_3752-6313-3170,s1,3,swapped,0.0,0.3718564145594576,0.9676109930061312,0.7253655035560392
long_00003_3752-6313-3170,s1,3,clean_correct,0.0,0.4559682492213845,0.8111193271097143,0.7146162081371118
long_00003_3752-6313-3170,s1,3,clean_swapped,0.0,0.34297658893479666,0.0009628123363219028,0.7996943074514573
long_00003_3752-6313-3170,s2,3,honest,0.0,0.49617274765124875,0.9802563642077852,0.8004374357702195
long_00003_3752-6313-3170,s2,3,correct,0.0,0.49617274765124875,0.9802563642077852,0.8004374357702195
long_00003_3752-6313-3170,s2,3,contaminated,3.89695840029776e-05,0.49617274765124875,0.9802563642077852,0.8004374357702195
long_00003_3752-6313-3170,s2,3,swapped,0.0,0.24290641040832356,0.937472874481809,0.7451572285862459
long_00003_3752-6313-3170,s2,3,clean_correct,0.0,0.5610179241365891,0.828211287208728,0.7842810662032758
long_00003_3752-6313-3170,s2,3,clean_swapped,0.0,0.23750847530534652,0.3990444334695221,0.8252209349872819
long_00003_3752-6313-3170,s3,3,honest,0.0,0.4298501529791311,0.9761873581281648,0.7354917849686301
long_00003_3752-6313-3170,s3,3,correct,0.0,0.4298501529791311,0.9761873581281648,0.7354917849686301
long_00003_3752-6313-3170,s3,3,contaminated,0.0,0.4298501529791311,0.9761873581281648,0.7354917849686301
long_00003_3752-6313-3170,s3,3,swapped,0.0,0.40026975855940095,0.9836010709504686,0.7572878482720915
long_00003_3752-6313-3170,s3,3,clean_correct,0.0,0.47811675505835205,0.8353995692916594,0.7266481590022807
long_00003_3752-6313-3170,s3,3,clean_swapped,0.0,0.27439119262314193,0.8502779232873523,0.7506001091017702
long_00004_1988-2412-422,s1,3,honest,0.0,0.40859917920444566,1.0,0.7393545229444779
long_00004_1988-2412-422,s1,3,correct,0.0,0.40859917920444566,1.0,0.7393545229444779
long_00004_1988-2412-422,s1,3,contaminated,0.0,0.40859917920444566,1.0,0.7393545229444779
long_00004_1988-2412-422,s1,3,swapped,0.0,0.4584582529653523,0.975177816224529,0.7420389042482715
long_00004_1988-2412-422,s1,3,clean_correct,0.0,0.48885520144025163,1.0,0.7223804945865459
long_00004_1988-2412-422,s1,3,clean_swapped,0.0,0.44861219594768753,0.0008890811226451365,0.8056590670518796
long_00004_1988-2412-422,s2,3,honest,0.0,0.39109997566718524,0.9486464169406245,0.7791323170057507
long_00004_1988-2412-422,s2,3,correct,0.0,0.39109997566718524,0.9486464169406245,0.7791323170057507
long_00004_1988-2412-422,s2,3,contaminated,6.771131116924421e-05,0.39109997566718524,0.9486464169406245,0.7791323170057507
long_00004_1988-2412-422,s2,3,swapped,0.0,0.36121572556755266,1.0,0.7641015224822286
long_00004_1988-2412-422,s2,3,clean_correct,0.0,0.5651828707047966,0.9850557947863129,0.7482291544020059
long_00004_1988-2412-422,s2,3,clean_swapped,0.0,0.15023309000839935,0.48173357410751494,0.8115296867804003
long_00004_1988-2412-422,s3,3,honest,0.0,0.5477619748183149,1.0,0.7182498618097918
long_00004_1988-2412-422,s3,3,correct,0.0,0.5477619748183149,1.0,0.7182498618097918
long_00004_1988-2412-422,s3,3,contaminated,0.0,0.5477619748183149,1.0,0.7182498618097918
long_00004_1988-2412-422,s3,3,swapped,0.0,0.5119465788572823,1.0,0.7358792542609426
long_00004_1988-2412-422,s3,3,clean_correct,0.0,0.5572685596379192,1.0,0.71450326521921
long_00004_1988-2412-422,s3,3,clean_swapped,0.0,0.2891000789969267,0.8970934214836653,0.7157377085888673
long_00005_8297-1462-2078,s1,3,honest,0.0,0.5291503599561109,0.9376814658210008,0.7297396120137528
long_00005_8297-1462-2078,s1,3,correct,0.0,0.5291503599561109,0.9376814658210008,0.7297396120137528
long_00005_8297-1462-2078,s1,3,contaminated,0.0,0.5291503599561109,0.9376814658210008,0.7297396120137528
long_00005_8297-1462-2078,s1,3,swapped,0.0,0.535918713721375,0.9728188865398167,0.7446704419913591
long_00005_8297-1462-2078,s1,3,clean_correct,0.0,0.5873631310328274,0.7869978858350951,0.7339712947676936
long_00005_8297-1462-2078,s1,3,clean_swapped,0.0,0.49311926881204765,0.0,0.8146891645963736
long_00005_8297-1462-2078,s2,3,honest,0.0,0.23532438908901798,0.9246898319827862,0.7421371715423823
long_00005_8297-1462-2078,s2,3,correct,0.0,0.23532438908901798,0.9246898319827862,0.7421371715423823
long_00005_8297-1462-2078,s2,3,contaminated,3.7830304254158606e-05,0.23532438908901798,0.9246898319827862,0.7421371715423823
long_00005_8297-1462-2078,s2,3,swapped,0.0,0.13556935549068716,0.9662630285827649,0.7586569927362233
long_00005_8297-1462-2078,s2,3,clean_correct,0.0,0.34065364629050926,0.7725396389384852,0.7519090001778872
long_00005_8297-1462-2078,s2,3,clean_swapped,0.0,-0.02399097074795109,0.4170405469334188,0.8331654993854113
long_00005_8297-1462-2078,s3,3,honest,0.0,0.49255605149230736,1.0,0.7194930560559466
long_00005_8297-1462-2078,s3,3,correct,0.0,0.49255605149230736,1.0,0.7194930560559466
long_00005_8297-1462-2078,s3,3,contaminated,0.0,0.49255605149230736,1.0,0.7194930560559466
long_00005_8297-1462-2078,s3,3,swapped,0.0,0.440930365280755,0.9464214414054701,0.7022866211895811
long_00005_8297-1462-2078,s3,3,clean_correct,0.0,0.5324848542637672,1.0,0.7092999632407024
long_00005_8297-1462-2078,s3,3,clean_swapped,0.0,0.38503840362975583,0.7786151593797831,0.7086027105623559
long_00006_1272-6313-3000,s1,3,honest,0.0,0.3916138559609782,0.8689849562985347,0.7434687585210816
long_00006_1272-6313-3000,s1,3,correct,0.0,0.3916138559609782,0.8689849562985347,0.7434687585210816
long_00006_1272-6313-3000,s1,3,contaminated,0.0,0.3916138559609782,0.8689849562985347,0.7434687585210816
long_00006_1272-6313-3000,s1,3,swapped,0.0,0.3735808898206076,0.9748838418299379,0.752235335146888
long_00006_1272-6313-3000,s1,3,clean_correct,0.0,0.4805200353233124,0.7654011112194171,0.7409740133082372
long_00006_1272-6313-3000,s1,3,clean_swapped,0.0,0.3903474945899492,0.0009828768236020404,0.8184703986913601
long_00006_1272-6313-3000,s2,3,honest,0.0,0.4876773085758824,0.9830008210180624,0.8221047312626169
long_00006_1272-6313-3000,s2,3,correct,0.0,0.4876773085758824,0.9830008210180624,0.8221047312626169
long_00006_1272-6313-3000,s2,3,contaminated,1.97933410622018e-05,0.4876773085758824,0.9830008210180624,0.8221047312626169
long_00006_1272-6313-3000,s2,3,swapped,0.0,0.2315385286301747,0.8626313628899835,0.7738425430751475
long_00006_1272-6313-3000,s2,3,clean_correct,0.0,0.5929816016471562,0.8161412151067323,0.8003636009954604
long_00006_1272-6313-3000,s2,3,clean_swapped,0.0,0.32785233465488284,0.3884072249589491,0.8440894766602944
long_00006_1272-6313-3000,s3,3,honest,0.0,0.5975904340410365,0.9449424028151246,0.7223758622403491
long_00006_1272-6313-3000,s3,3,correct,0.0,0.5975904340410365,0.9449424028151246,0.7223758622403491
long_00006_1272-6313-3000,s3,3,contaminated,0.0,0.5975904340410365,0.9449424028151246,0.7223758622403491
long_00006_1272-6313-3000,s3,3,swapped,0.0,0.5698591487401515,0.9891777047438834,0.7376209572210193
long_00006_1272-6313-3000,s3,3,clean_correct,0.0,0.6521569531152676,0.6797961690402682,0.7063130629698083
long_00006_1272-6313-3000,s3,3,clean_swapped,0.0,0.4834943049515188,0.8473176642432693,0.7284327548476802
long_00007_1673-5694-174,s1,3,honest,0.0,0.6030002092150992,0.9590010251429805,0.7317592527216722
long_00007_1673-5694-174,s1,3,correct,0.0,0.6030002092150992,0.9590010251429805,0.7317592527216722
long_00007_1673-5694-174,s1,3,contaminated,0.0,0.6030002092150992,0.9590010251429805,0.7317592527216722
long_00007_1673-5694-174,s1,3,swapped,0.0,0.5825012717566094,0.9819251106075321,0.7311181785630683
long_00007_1673-5694-174,s1,3,clean_correct,0.0,0.6293728003319057,0.8138488723427215,0.7332767547155504
long_00007_1673-5694-174,s1,3,clean_swapped,0.0,0.5791660642530881,0.0008497895759145355,0.8141073629061996
long_00007_1673-5694-174,s2,3,honest,0.0,0.1615889832417734,0.9876317113597348,0.7562771167804871
long_00007_1673-5694-174,s2,3,correct,0.0,0.1615889832417734,0.9876317113597348,0.7562771167804871
long_00007_1673-5694-174,s2,3,contaminated,0.00010662767286416295,0.1615889832417734,0.9876317113597348,0.7562771167804871
long_00007_1673-5694-174,s2,3,swapped,0.0,-0.044530573353138314,0.9653110755934411,0.7747917381059901
long_00007_1673-5694-174,s2,3,clean_correct,0.0,0.5315402813075732,0.9266375125791748,0.7391595489216479
long_00007_1673-5694-174,s2,3,clean_swapped,0.0,-0.2133682039899299,0.4597318415911916,0.8368575953788867
long_00007_1673-5694-174,s3,3,honest,0.0,0.47914730669023003,0.9925829399423026,0.766906989781478
long_00007_1673-5694-174,s3,3,correct,0.0,0.47914730669023003,0.9925829399423026,0.766906989781478
long_00007_1673-5694-174,s3,3,contaminated,0.0,0.47914730669023003,0.9925829399423026,0.766906989781478
long_00007_1673-5694-174,s3,3,swapped,0.0,0.47389010350642696,0.9929599396800419,0.7603653475752108
long_00007_1673-5694-174,s3,3,clean_correct,0.0,0.542871041793256,0.7904373196957776,0.7699938692008896
long_00007_1673-5694-174,s3,3,clean_swapped,0.0,0.30775190578801104,0.8950465512719643,0.7551577996045868
long_00008_6313-5694-2277,s1,3,honest,0.0,0.5575531014201847,0.9694479156653529,0.8115134367925294
long_00008_6313-5694-2277,s1,3,correct,0.0,0.5575531014201847,0.9694479156653529,0.8115134367925294
long_00008_6313-5694-2277,s1,3,contaminated,0.0,0.5575531014201847,0.9694479156653529,0.8115134367925294
long_00008_6313-5694-2277,s1,3,swapped,0.0,0.5544033982706071,0.9614133743471435,0.8027587056173984
long_00008_6313-5694-2277,s1,3,clean_correct,0.0,0.5931375320532519,0.8015155884520491,0.8012936099482756
long_00008_6313-5694-2277,s1,3,clean_swapped,0.0,0.5667785476960661,0.0005367041558524784,0.8605483490455895
long_00008_6313-5694-2277,s2,3,honest,0.0,0.40546657581817264,0.9553912596731208,0.7422246570039487
long_00008_6313-5694-2277,s2,3,correct,0.0,0.40546657581817264,0.9553912596731208,0.7422246570039487
long_00008_6313-5694-2277,s2,3,contaminated,6.13857297132316e-05,0.40546657581817264,0.9553912596731208,0.7422246570039487
long_00008_6313-5694-2277,s2,3,swapped,0.0,0.1313769293002836,0.9551343801175224,0.7885247460048702
long_00008_6313-5694-2277,s2,3,clean_correct,0.0,0.5563243748067073,0.801540474584979,0.7199884167246579
long_00008_6313-5694-2277,s2,3,clean_swapped,0.0,-0.06324475327428525,0.40198038082394116,0.8314756360698856
long_00008_6313-5694-2277,s3,3,honest,0.0,0.5006430113154436,0.942272420117772,0.7417949802889808
long_00008_6313-5694-2277,s3,3,correct,0.0,0.5006430113154436,0.942272420117772,0.7417949802889808
long_00008_6313-5694-2277,s3,3,contaminated,0.0,0.5006430113154436,0.942272420117772,0.7417949802889808
long_00008_6313-5694-2277,s3,3,swapped,0.0,0.46132935829311095,0.9625768253048879,0.7337654396917758
long_00008_6313-5694-2277,s3,3,clean_correct,0.0,0.5696870017699465,0.7936576889661164,0.7302044048934893
long_00008_6313-5694-2277,s3,3,clean_swapped,0.0,0.3090485406519602,0.8241866975576793,0.7246867382995883
long_00009_5536-6345-3536,s1,3,honest,0.0,0.6520461495249382,1.0,0.7308140987214599
long_00009_5536-6345-3536,s1,3,correct,0.0,0.6520461495249382,1.0,0.7308140987214599
long_00009_5536-6345-3536,s1,3,contaminated,0.0,0.6520461495249382,1.0,0.7308140987214599
long_00009_5536-6345-3536,s1,3,swapped,0.0,0.5841698606728274,1.0,0.7465277818071514
long_00009_5536-6345-3536,s1,3,clean_correct,0.0,0.648071050059308,0.8986528061141876,0.7241197266051786
long_00009_5536-6345-3536,s1,3,clean_swapped,0.0,0.5721610489197642,0.0010848796916998608,0.8063799332748237
long_00009_5536-6345-3536,s2,3,honest,0.0,0.2932694478743222,0.9287615330021292,0.683113602967525
long_00009_5536-6345-3536,s2,3,correct,0.0,0.2932694478743222,0.9287615330021292,0.683113602967525
long_00009_5536-6345-3536,s2,3,contaminated,7.803661861370967e-05,0.2932694478743222,0.9287615330021292,0.683113602967525
long_00009_5536-6345-3536,s2,3,swapped,0.0,0.24562985249592129,1.0,0.6945723088395337
long_00009_5536-6345-3536,s2,3,clean_correct,0.0,0.32544914551757886,0.7525727466288148,0.6723138341218637
long_00009_5536-6345-3536,s2,3,clean_swapped,0.0,0.1294090785429446,0.39831366808611307,0.7714271702512717
long_00009_5536-6345-3536,s3,3,honest,0.0,0.2888948569048092,0.9969390253856828,0.7345787740996342
long_00009_5536-6345-3536,s3,3,correct,0.0,0.2888948569048092,0.9969390253856828,0.7345787740996342
long_00009_5536-6345-3536,s3,3,contaminated,0.0,0.2888948569048092,0.9969390253856828,0.7345787740996342
long_00009_5536-6345-3536,s3,3,swapped,0.0,0.24585948955156878,0.9247136288194161,0.729420510248427
long_00009_5536-6345-3536,s3,3,clean_correct,0.0,0.3829555209387275,0.827612711887465,0.7369320401787082
long_00009_5536-6345-3536,s3,3,clean_swapped,0.0,0.1402506591543191,0.8166612249340189,0.7259572581872858
long_00010_5536-6241-3576,s1,3,honest,0.0,0.5306763540189332,0.9478970028150356,0.7397149763336293
long_00010_5536-6241-3576,s1,3,correct,0.0,0.5306763540189332,0.9478970028150356,0.7397149763336293
long_00010_5536-6241-3576,s1,3,contaminated,0.0,0.5306763540189332,0.9478970028150356,0.7397149763336293
long_00010_5536-6241-3576,s1,3,swapped,0.0,0.5034935707943566,0.9443202516973008,0.7393516847477758
long_00010_5536-6241-3576,s1,3,clean_correct,0.0,0.582680819715993,0.86267593972512,0.7242175333186107
long_00010_5536-6241-3576,s1,3,clean_swapped,0.0,0.5176655680534404,0.0009687034277198212,0.8070436921446931
long_00010_5536-6241-3576,s2,3,honest,0.0,0.45010277754723976,0.9772000774930982,0.7845286596375134
long_00010_5536-6241-3576,s2,3,correct,0.0,0.45010277754723976,0.9772000774930982,0.7845286596375134
long_00010_5536-6241-3576,s2,3,contaminated,4.110890532074485e-05,0.45010277754723976,0.9772000774930982,0.7845286596375134
long_00010_5536-6241-3576,s2,3,swapped,0.0,0.44127202144282524,0.9681067467428682,0.776198673448633
long_00010_5536-6241-3576,s2,3,clean_correct,0.0,0.6311772205694397,0.8128541676756914,0.7834849734556825
long_00010_5536-6241-3576,s2,3,clean_swapped,0.0,0.2435424990425083,0.42633715955506046,0.8269356904451595
long_00010_5536-6241-3576,s3,3,honest,0.0,0.6362025098380601,0.9695552195552195,0.7078401612791598
long_00010_5536-6241-3576,s3,3,correct,0.0,0.6362025098380601,0.9695552195552195,0.7078401612791598
long_00010_5536-6241-3576,s3,3,contaminated,0.0,0.6362025098380601,0.9695552195552195,0.7078401612791598
long_00010_5536-6241-3576,s3,3,swapped,0.0,0.5964856163827095,1.0,0.7259610554898159
long_00010_5536-6241-3576,s3,3,clean_correct,0.0,0.7116933322181165,0.9696182196182196,0.7050041746974967
long_00010_5536-6241-3576,s3,3,clean_swapped,0.0,0.35994040892288875,0.7448654948654949,0.7226693259982716
long_00011_1988-8297-6295,s1,3,honest,0.0,0.4301474110659256,0.9482415529564653,0.7441402085031257
long_00011_1988-8297-6295,s1,3,correct,0.0,0.4301474110659256,0.9482415529564653,0.7441402085031257
long_00011_1988-8297-6295,s1,3,contaminated,0.0,0.4301474110659256,0.9482415529564653,0.7441402085031257
long_00011_1988-8297-6295,s1,3,swapped,0.0,0.34758897728929317,0.9437811349361057,0.7375763728344804
long_00011_1988-8297-6295,s1,3,clean_correct,0.0,0.5155485237531344,0.7937039744422786,0.7456275586562527
long_00011_1988-8297-6295,s1,3,clean_swapped,0.0,0.47467807497946357,0.00041964479098982024,0.8202154279653449
long_00011_1988-8297-6295,s2,3,honest,0.0,0.2544962683548153,0.9175538710501661,0.744837896482986
long_00011_1988-8297-6295,s2,3,correct,0.0,0.2544962683548153,0.9175538710501661,0.744837896482986
long_00011_1988-8297-6295,s2,3,contaminated,2.2440032957941547e-05,0.2544962683548153,0.9175538710501661,0.744837896482986
long_00011_1988-8297-6295,s2,3,swapped,0.0,0.20681510430738353,0.9479140050535162,0.7675516216319216
long_00011_1988-8297-6295,s2,3,clean_correct,0.0,0.3974703060503715,0.8157666865400448,0.7478264425252585
long_00011_1988-8297-6295,s2,3,clean_swapped,0.0,-0.0026366621619434705,0.41009780541123697,0.833555304607692
long_00011_1988-8297-6295,s3,3,honest,0.0,0.4034432812371587,0.918703372127723,0.7200954811703948
long_00011_1988-8297-6295,s3,3,correct,0.0,0.4034432812371587,0.918703372127723,0.7200954811703948
long_00011_1988-8297-6295,s3,3,contaminated,0.0,0.4034432812371587,0.918703372127723,0.7200954811703948
long_00011_1988-8297-6295,s3,3,swapped,0.0,0.40541005120266815,0.9165323783945091,0.7200534627177778
long_00011_1988-8297-6295,s3,3,clean_correct,0.0,0.5776225666563224,0.748575052223217,0.7185954955093714
long_00011_1988-8297-6295,s3,3,clean_swapped,0.0,0.2938755916116198,0.8677633542226201,0.7264323974468355
long_00012_2412-8842-422,s1,3,honest,0.0,0.6872388305063213,0.9998683395291202,0.7472801550908412
long_00012_2412-8842-422,s1,3,correct,0.0,0.6872388305063213,0.9998683395291202,0.7472801550908412
long_00012_2412-8842-422,s1,3,contaminated,0.0,0.6872388305063213,0.9998683395291202,0.7472801550908412
long_00012_2412-8842-422,s1,3,swapped,0.0,0.6828704504865191,1.0,0.7540714500120507
long_00012_2412-8842-422,s1,3,clean_correct,0.0,0.7671385605121672,0.764614312267658,0.7360984242825562
long_00012_2412-8842-422,s1,3,clean_swapped,0.0,0.7226928060664464,0.0,0.8112553032961437
long_00012_2412-8842-422,s2,3,honest,0.0,0.3226256430095795,0.9996537294079509,0.7778397711484717
long_00012_2412-8842-422,s2,3,correct,0.0,0.3226256430095795,0.9996537294079509,0.7778397711484717
long_00012_2412-8842-422,s2,3,contaminated,5.6891089632158874e-05,0.3226256430095795,0.9996537294079509,0.7778397711484717
long_00012_2412-8842-422,s2,3,swapped,0.0,0.3450161949320251,0.9998821206495152,0.7802554614815761
long_00012_2412-8842-422,s2,3,clean_correct,0.0,0.5133624691021121,0.8685276869124451,0.7637551446599435
long_00012_2412-8842-422,s2,3,clean_swapped,0.0,-0.02786610628088837,0.35393274983054845,0.824668941617408
long_00012_2412-8842-422,s3,3,honest,0.0,0.5392285766011495,0.9961290957117968,0.7553780738201207
long_00012_2412-8842-422,s3,3,correct,0.0,0.5392285766011495,0.9961290957117968,0.7553780738201207
long_00012_2412-8842-422,s3,3,contaminated,0.0,0.5392285766011495,0.9961290957117968,0.7553780738201207
long_00012_2412-8842-422,s3,3,swapped,0.0,0.47918070323366163,1.0,0.7745174342823318
long_00012_2412-8842-422,s3,3,clean_correct,0.0,0.6602689623484028,0.9965716854942955,0.7451663874598808
long_00012_2412-8842-422,s3,3,clean_swapped,0.0,0.28023678664950963,0.8052183442926993,0.7634588668947724
long_00013_652-1919-1272,s1,3,honest,0.0,0.5015430464209392,1.0,0.747568174217204
long_00013_652-1919-1272,s1,3,correct,0.0,0.5015430464209392,1.0,0.747568174217204
long_00013_652-1919-1272,s1,3,contaminated,0.0,0.5015430464209392,1.0,0.747568174217204
long_00013_652-1919-1272,s1,3,swapped,0.0,0.4999170244519616,1.0,0.7368540375817257
long_00013_652-1919-1272,s1,3,clean_correct,0.0,0.5744652236650959,0.9801269362490966,0.7335690567304649
long_00013_652-1919-1272,s1,3,clean_swapped,0.0,0.4777826519467807,0.0008719012159487228,0.8142924351297723
long_00013_652-1919-1272,s2,3,honest,0.0,0.30623330220992895,0.9655521207437378,0.7590604006346884
long_00013_652-1919-1272,s2,3,correct,0.0,0.30623330220992895,0.9655521207437378,0.7590604006346884
long_00013_652-1919-1272,s2,3,contaminated,3.498766933525641e-05,0.30623330220992895,0.9655521207437378,0.7590604006346884
long_00013_652-1919-1272,s2,3,swapped,0.0,0.13281875847036706,0.9693064205725023,0.76638038025775
long_00013_652-1919-1272,s2,3,clean_correct,0.0,0.5251166605952672,0.7531216377990938,0.7679490646280154
long_00013_652-1919-1272,s2,3,clean_swapped,0.0,0.16237546598815206,0.47396614689881955,0.8207550280585857
long_00013_652-1919-1272,s3,3,honest,0.0,0.5542290963793557,0.91945468914647,0.7293907327411859
long_00013_652-1919-1272,s3,3,correct,0.0,0.5542290963793557,0.91945468914647,0.7293907327411859
long_00013_652-1919-1272,s3,3,contaminated,0.0,0.5542290963793557,0.91945468914647,0.7293907327411859
long_00013_652-1919-1272,s3,3,swapped,0.0,0.5057731714202377,0.933460660344222,0.7401443751687654
long_00013_652-1919-1272,s3,3,clean_correct,0.0,0.5860534669827968,0.7267298911134528,0.7287792773201943
long_00013_652-1919-1272,s3,3,clean_swapped,0.0,0.3444205232562166,0.6935077859735393,0.7454969185969247
long_00014_3536-7850-5694,s1,3,honest,0.0,0.5868278576492363,1.0,0.7521260802529003
long_00014_3536-7850-5694,s1,3,correct,0.0,0.5868278576492363,1.0,0.7521260802529003
long_00014_3536-7850-5694,s1,3,contaminated,0.0,0.5868278576492363,1.0,0.7521260802529003
long_00014_3536-7850-5694,s1,3,swapped,0.0,0.5824116899896028,1.0,0.7575654194686594
long_00014_3536-7850-5694,s1,3,clean_correct,0.0,0.6618453105558036,0.9630719590102799,0.7503902612256915
long_00014_3536-7850-5694,s1,3,clean_swapped,0.0,0.6246282987117491,0.0005593929370561339,0.8253022565785905
long_00014_3536-7850-5694,s2,3,honest,0.0,0.3515722072595204,0.9419967996171504,0.7047531803836576
long_00014_3536-7850-5694,s2,3,correct,0.0,0.3515722072595204,0.9419967996171504,0.7047531803836576
long_00014_3536-7850-5694,s2,3,contaminated,7.645544734957288e-05,0.3515722072595204,0.9419967996171504,0.7047531803836576
long_00014_3536-7850-5694,s2,3,swapped,0.0,0.2838998320290357,0.9668633257062527,0.7270093235705651
long_00014_3536-7850-5694,s2,3,clean_correct,0.0,0.5738643901682667,0.6611744208652998,0.7014081471862301
long_00014_3536-7850-5694,s2,3,clean_swapped,0.0,0.04267528104506957,0.45737060134296437,0.7950940298285166
long_00014_3536-7850-5694,s3,3,honest,0.0,0.6299150371928695,0.9744310296974743,0.7348634703617591
long_00014_3536-7850-5694,s3,3,correct,0.0,0.6299150371928695,0.9744310296974743,0.7348634703617591
long_00014_3536-7850-5694,s3,3,contaminated,0.0,0.6299150371928695,0.9744310296974743,0.7348634703617591
long_00014_3536-7850-5694,s3,3,swapped,0.0,0.609544552406405,0.9364834859839023,0.7347824686784123
long_00014_3536-7850-5694,s3,3,clean_correct,0.0,0.6769718460746205,0.7368859283930058,0.7351090523949142
long_00014_3536-7850-5694,s3,3,clean_swapped,0.0,0.43956628531662295,0.7135997779628088,0.7290966286732325
long_00015_2902-1462-6319,s1,3,honest,0.0,0.6955894136909648,0.9098572027205621,0.7638075521106831
long_00015_2902-1462-6319,s1,3,correct,0.0,0.6955894136909648,0.9098572027205621,0.7638075521106831
long_00015_2902-1462-6319,s1,3,contaminated,0.0,0.6955894136909648,0.9098572027205621,0.7638075521106831
long_00015_2902-1462-6319,s1,3,swapped,0.0,0.6606065055944561,0.9203413596363988,0.7533621820591889
long_00015_2902-1462-6319,s1,3,clean_correct,0.0,0.7473982254023415,0.7589208006962577,0.7620571383660981
long_00015_2902-1462-6319,s1,3,clean_swapped,0.0,0.6999473363994646,0.0007897366470038359,0.8327296141796058
long_00015_2902-1462-6319,s2,3,honest,0.0,0.23561829778105103,0.9101627379583493,0.7136683816338831
long_00015_2902-1462-6319,s2,3,correct,0.0,0.23561829778105103,0.9101627379583493,0.7136683816338831
long_00015_2902-1462-6319,s2,3,contaminated,2.4796177469573228e-05,0.23561829778105103,0.9101627379583493,0.7136683816338831
long_00015_2902-1462-6319,s2,3,swapped,0.0,0.1084008110826753,0.8945636897917465,0.7536737360323529
long_00015_2902-1462-6319,s2,3,clean_correct,0.0,0.43028299219101157,0.7756483965759551,0.7296268476572282
long_00015_2902-1462-6319,s2,3,clean_swapped,0.0,0.08368753387773092,0.376940398620161,0.8193491328271378
long_00015_2902-1462-6319,s3,3,honest,0.0,0.44885793082705044,0.8988225239768303,0.7064905070167012
long_00015_2902-1462-6319,s3,3,correct,0.0,0.44885793082705044,0.8988225239768303,0.7064905070167012
long_00015_2902-1462-6319,s3,3,contaminated,0.0,0.44885793082705044,0.8988225239768303,0.7064905070167012
long_00015_2902-1462-6319,s3,3,swapped,0.0,0.40571286739629653,0.9245323331117653,0.6990814024937578
long_00015_2902-1462-6319,s3,3,clean_correct,0.0,0.5463638500494101,0.709912005824075,0.7096529212667901
long_00015_2902-1462-6319,s3,3,clean_swapped,0.0,0.2793750713108477,0.7811777925489823,0.7104153148260748
long_00016_2035-2902-3853,s1,3,honest,0.0,0.5826737790192313,0.8689933436673657,0.7491932317848637
long_00016_2035-2902-3853,s1,3,correct,0.0,0.5826737790192313,0.8689933436673657,0.7491932317848637
long_00016_2035-2902-3853,s1,3,contaminated,0.0,0.5826737790192313,0.8689933436673657,0.7491932317848637
long_00016_2035-2902-3853,s1,3,swapped,0.0,0.5818352184352048,0.8485456369107321,0.7461619219804586
long_00016_2035-2902-3853,s1,3,clean_correct,0.0,0.64300569709967,0.6980106987629555,0.7569816940850581
long_00016_2035-2902-3853,s1,3,clean_swapped,0.0,0.5776972722601555,0.0,0.8289949070805801
long_00016_2035-2902-3853,s2,3,honest,0.0,0.4379453525490361,0.862698775013315,0.7597243048621652
long_00016_2035-2902-3853,s2,3,correct,0.0,0.4379453525490361,0.862698775013315,0.7597243048621652
long_00016_2035-2902-3853,s2,3,contaminated,7.220823769857549e-05,0.4379453525490361,0.862698775013315,0.7597243048621652
long_00016_2035-2902-3853,s2,3,swapped,0.0,0.35445855543819565,0.9133721372593776,0.7495010795475275
long_00016_2035-2902-3853,s2,3,clean_correct,0.0,0.628644740461596,0.777242638666971,0.7639072949457869
long_00016_2035-2902-3853,s2,3,clean_swapped,0.0,0.0832858866342493,0.34629460549341856,0.836290778147186
long_00016_2035-2902-3853,s3,3,honest,0.0,0.5273263333038863,0.890755470226123,0.7189415533986249
long_00016_2035-2902-3853,s3,3,correct,0.0,0.5273263333038863,0.890755470226123,0.7189415533986249
long_00016_2035-2902-3853,s3,3,contaminated,0.0,0.5273263333038863,0.890755470226123,0.7189415533986249
long_00016_2035-2902-3853,s3,3,swapped,0.0,0.5151635178017698,0.9063661851648687,0.734836438326
long_00016_2035-2902-3853,s3,3,clean_correct,0.0,0.6053451701747123,0.8472526970195648,0.7373627475002452
long_00016_2035-2902-3853,s3,3,clean_swapped,0.0,0.33742077887338207,0.7129274090327299,0.7338558606184812
long_00017_1988-5895-1462,s1,3,honest,0.0,0.3659865878177043,0.9331408737991841,0.7503341755308676
long_00017_1988-5895-1462,s1,3,correct,0.0,0.3659865878177043,0.9331408737991841,0.7503341755308676
long_00017_1988-5895-1462,s1,3,contaminated,0.0,0.3659865878177043,0.9331408737991841,0.7503341755308676
long_00017_1988-5895-1462,s1,3,swapped,0.0,0.42257992466394995,0.9734175549414397,0.7543667805477322
long_00017_1988-5895-1462,s1,3,clean_correct,0.0,0.5947314221608448,0.6670121068561653,0.750100290211839
long_00017_1988-5895-1462,s1,3,clean_swapped,0.0,0.46336198486617564,0.0008060271088301093,0.8239535143065216
long_00017_1988-5895-1462,s2,3,honest,0.0,0.47596993575412044,0.9497820414916635,0.7892580827269973
long_00017_1988-5895-1462,s2,3,correct,0.0,0.47596993575412044,0.9497820414916635,0.7892580827269973
long_00017_1988-5895-1462,s2,3,contaminated,5.286740441684413e-05,0.47596993575412044,0.9497820414916635,0.7892580827269973
long_00017_1988-5895-1462,s2,3,swapped,0.0,0.41664718788178984,0.9473638157057401,0.7500563653936128
long_00017_1988-5895-1462,s2,3,clean_correct,0.0,0.5341280393031774,0.999956249204531,0.7633484746070783
long_00017_1988-5895-1462,s2,3,clean_swapped,0.0,0.3576556869981013,0.32212915234822453,0.8268396513367177
long_00017_1988-5895-1462,s3,3,honest,0.0,0.2865845949206931,0.9674599507085644,0.7247046358734409
long_00017_1988-5895-1462,s3,3,correct,0.0,0.2865845949206931,0.9674599507085644,0.7247046358734409
long_00017_1988-5895-1462,s3,3,contaminated,0.0,0.2865845949206931,0.9674599507085644,0.7247046358734409
long_00017_1988-5895-1462,s3,3,swapped,0.0,0.21715046424838286,0.9669824399260628,0.7559261396721062
long_00017_1988-5895-1462,s3,3,clean_correct,0.0,0.43805965176197836,0.6500308071472581,0.7260775904786474
long_00017_1988-5895-1462,s3,3,clean_swapped,0.0,0.10422377202309574,0.779328404189772,0.7422174649631997
long_00018_3752-5694-1272,s1,3,honest,0.0,0.19082634711236723,0.9159798356789259,0.6657203888720119
long_00018_3752-5694-1272,s1,3,correct,0.0,0.19082634711236723,0.9159798356789259,0.6657203888720119
long_00018_3752-5694-1272,s1,3,contaminated,0.0,0.19082634711236723,0.9159798356789259,0.6657203888720119
long_00018_3752-5694-1272,s1,3,swapped,0.0,0.19583314695502663,0.917904258352124,0.6696640310186766
long_00018_3752-5694-1272,s1,3,clean_correct,0.0,0.295557776170863,0.7266931031801571,0.673091135285298
long_00018_3752-5694-1272,s1,3,clean_swapped,0.0,0.237853590919047,0.000796983127284037,0.7693435989620503
long_00018_3752-5694-1272,s2,3,honest,0.0,0.21680063275833983,0.9382177720356015,0.7479168566868253
long_00018_3752-5694-1272,s2,3,correct,0.0,0.21680063275833983,0.9382177720356015,0.7479168566868253
long_00018_3752-5694-1272,s2,3,contaminated,2.2183141681843494e-05,0.21680063275833983,0.9382177720356015,0.7479168566868253
long_00018_3752-5694-1272,s2,3,swapped,0.0,0.18908342410247914,0.9152706000574218,0.7299490337405544
long_00018_3752-5694-1272,s2,3,clean_correct,0.0,0.3788508857248445,0.7970033017513638,0.744921366168887
long_00018_3752-5694-1272,s2,3,clean_swapped,0.0,0.026964995163834327,0.4102174849267873,0.8223659648907269
long_00018_3752-5694-1272,s3,3,honest,0.0,0.24332912772675463,0.929055249863243,0.7253339518596423
long_00018_3752-5694-1272,s3,3,correct,0.0,0.24332912772675463,0.929055249863243,0.7253339518596423
long_00018_3752-5694-1272,s3,3,contaminated,0.0,0.24332912772675463,0.929055249863243,0.7253339518596423
long_00018_3752-5694-1272,s3,3,swapped,0.0,0.23678986709772187,0.950518068024584,0.7294519279501863
long_00018_3752-5694-1272,s3,3,clean_correct,0.0,0.2762212940758647,0.6954580557968916,0.7331119947271729
long_00018_3752-5694-1272,s3,3,clean_swapped,0.0,0.18468584390818177,0.8055072883482962,0.7288539673221621
long_00019_3081-3853-2035,s1,3,honest,0.0,0.4974761093615279,1.0,0.7576600705596551
long_00019_3081-3853-2035,s1,3,correct,0.0,0.4974761093615279,1.0,0.7576600705596551
long_00019_3081-3853-2035,s1,3,contaminated,0.0,0.4974761093615279,1.0,0.7576600705596551
long_00019_3081-3853-2035,s1,3,swapped,0.0,0.3959960952049879,0.9298378685882241,0.736352714435143
long_00019_3081-3853-2035,s1,3,clean_correct,0.0,0.6790104785570156,1.0,0.7407514840024247
long_00019_3081-3853-2035,s1,3,clean_swapped,0.0,0.5652364853544805,0.0009876426155936916,0.819865094608496
long_00019_3081-3853-2035,s2,3,honest,0.0,0.494537671462972,0.9094710144927536,0.6819374513392343
long_00019_3081-3853-2035,s2,3,correct,0.0,0.494537671462972,0.9094710144927536,0.6819374513392343
long_00019_3081-3853-2035,s2,3,contaminated,1.4393470588527994e-05,0.494537671462972,0.9094710144927536,0.6819374513392343
long_00019_3081-3853-2035,s2,3,swapped,0.0,0.40637994125958155,0.9958731884057971,0.7321050334571445
long_00019_3081-3853-2035,s2,3,clean_correct,0.0,0.6115458877634489,0.8929130434782608,0.7036655331073975
long_00019_3081-3853-2035,s2,3,clean_swapped,0.0,0.21001106252589613,0.458981884057971,0.7915115344160959
long_00019_3081-3853-2035,s3,3,honest,0.0,0.35479813938650046,0.9550978345244787,0.7558806684700414
long_00019_3081-3853-2035,s3,3,correct,0.0,0.35479813938650046,0.9550978345244787,0.7558806684700414
long_00019_3081-3853-2035,s3,3,contaminated,0.0,0.35479813938650046,0.9550978345244787,0.7558806684700414
long_00019_3081-3853-2035,s3,3,swapped,0.0,0.3663119258264249,0.937832918440001,0.7537836246324012
long_00019_3081-3853-2035,s3,3,clean_correct,0.0,0.6738394541373114,0.6169129259348484,0.7753179579504711
long_00019_3081-3853-2035,s3,3,clean_swapped,0.0,0.18973286547334967,0.9337843625364705,0.7652717338688723
long_00020_2412-2035-174,s1,3,honest,0.0,0.5252353883314962,0.9604436255606021,0.7168192804674957
long_00020_2412-2035-174,s1,3,correct,0.0,0.5252353883314962,0.9604436255606021,0.7168192804674957
long_00020_2412-2035-174,s1,3,contaminated,0.0,0.5252353883314962,0.9604436255606021,0.7168192804674957
long_00020_2412-2035-174,s1,3,swapped,0.0,0.6009943881148834,0.9822963978632845,0.7342494750032527
long_00020_2412-2035-174,s1,3,clean_correct,0.0,0.6288031751451084,0.7439369269003342,0.7112911589987241
long_00020_2412-2035-174,s1,3,clean_swapped,0.0,0.6247181689202599,0.0008783957494215443,0.8003277234929178
long_00020_2412-2035-174,s2,3,honest,0.0,0.1763636449666376,0.9050547667946542,0.7308133855588885
long_00020_2412-2035-174,s2,3,correct,0.0,0.1763636449666376,0.9050547667946542,0.7308133855588885
long_00020_2412-2035-174,s2,3,contaminated,6.288592264665518e-05,0.1763636449666376,0.9050547667946542,0.7308133855588885
long_00020_2412-2035-174,s2,3,swapped,0.0,0.10868072699950404,0.9621431973092835,0.7564940480216356
long_00020_2412-2035-174,s2,3,clean_correct,0.0,0.39863837873349145,0.6348111438521297,0.7550182148673589
long_00020_2412-2035-174,s2,3,clean_swapped,0.0,-0.11950376153462638,0.3786461588832336,0.8191594212468583
long_00020_2412-2035-174,s3,3,honest,0.0,0.5756893772208103,0.9472302482368659,0.7782505471152693
long_00020_2412-2035-174,s3,3,correct,0.0,0.5756893772208103,0.9472302482368659,0.7782505471152693
long_00020_2412-2035-174,s3,3,contaminated,0.0,0.5756893772208103,0.9472302482368659,0.7782505471152693
long_00020_2412-2035-174,s3,3,swapped,0.0,0.4858007353987038,0.9330164352067605,0.7615629705817557
long_00020_2412-2035-174,s3,3,clean_correct,0.0,0.620539730643721,0.7994687296113338,0.7746121668503876
long_00020_2412-2035-174,s3,3,clean_swapped,0.0,0.33694396979321056,0.7267064342747072,0.7666899652373081
long_00021_777-1919-251,s1,3,honest,0.0,0.33056900444134785,1.0,0.7602879565464812
long_00021_777-1919-251,s1,3,correct,0.0,0.33056900444134785,1.0,0.7602879565464812
long_00021_777-1919-251,s1,3,contaminated,0.0,0.33056900444134785,1.0,0.7602879565464812
long_00021_777-1919-251,s1,3,swapped,0.0,0.33127289245053276,0.995795409576573,0.7520525817580203
long_00021_777-1919-251,s1,3,clean_correct,0.0,0.4774504215593484,0.925133557578156,0.7501277411682703
long_00021_777-1919-251,s1,3,clean_swapped,0.0,0.40627087715988636,0.0009975596886954228,0.8272782858956247
long_00021_777-1919-251,s2,3,honest,0.0,0.3403984147973268,0.9701154693555909,0.7656230102012983
long_00021_777-1919-251,s2,3,correct,0.0,0.3403984147973268,0.9701154693555909,0.7656230102012983
long_00021_777-1919-251,s2,3,contaminated,3.6743515571104835e-05,0.3403984147973268,0.9701154693555909,0.7656230102012983
long_00021_777-1919-251,s2,3,swapped,0.0,0.2599387550601711,0.9920876151879191,0.7722495471445964
long_00021_777-1919-251,s2,3,clean_correct,0.0,0.4922207614208246,0.7605217027709429,0.7700021491757392
long_00021_777-1919-251,s2,3,clean_swapped,0.0,0.22254656325047212,0.33175326868335986,0.8286474137348092
long_00021_777-1919-251,s3,3,honest,0.0,0.456611818239765,0.981322786200835,0.7348510665178934
long_00021_777-1919-251,s3,3,correct,0.0,0.456611818239765,0.981322786200835,0.7348510665178934
long_00021_777-1919-251,s3,3,contaminated,0.0,0.456611818239765,0.981322786200835,0.7348510665178934
long_00021_777-1919-251,s3,3,swapped,0.0,0.42102971144000345,0.9895627334651725,0.7390723485847293
long_00021_777-1919-251,s3,3,clean_correct,0.0,0.4764082418310183,0.7877154157641962,0.7342947771173183
long_00021_777-1919-251,s3,3,clean_swapped,0.0,0.33436842762933106,0.7976190476190477,0.7441589053536275
long_00022_2428-6345-3536,s1,3,honest,0.0,0.495984008744433,0.9122373479002284,0.7475738627705787
long_00022_2428-6345-3536,s1,3,correct,0.0,0.495984008744433,0.9122373479002284,0.7475738627705787
long_00022_2428-6345-3536,s1,3,contaminated,0.0,0.495984008744433,0.9122373479002284,0.7475738627705787
long_00022_2428-6345-3536,s1,3,swapped,0.0,0.4751045692389418,0.9299401716812624,0.7543093492388728
long_00022_2428-6345-3536,s1,3,clean_correct,0.0,0.5786286707631609,0.8182750946559149,0.7464954318234394
long_00022_2428-6345-3536,s1,3,clean_swapped,0.0,0.4791747182275679,0.0008815283678719039,0.8255711335809528
long_00022_2428-6345-3536,s2,3,honest,0.0,0.2595589782655139,0.9053845722614643,0.6869750261846163
long_00022_2428-6345-3536,s2,3,correct,0.0,0.2595589782655139,0.9053845722614643,0.6869750261846163
long_00022_2428-6345-3536,s2,3,contaminated,7.618304332562081e-05,0.2595589782655139,0.9053845722614643,0.6869750261846163
long_00022_2428-6345-3536,s2,3,swapped,0.0,0.20654463005915125,0.9570754849198341,0.7077819472595746
long_00022_2428-6345-3536,s2,3,clean_correct,0.0,0.33073382847367827,0.7570565646372912,0.6776511711120942
long_00022_2428-6345-3536,s2,3,clean_swapped,0.0,0.0913986003411188,0.3602386758605225,0.7871918912199385
long_00022_2428-6345-3536,s3,3,honest,0.0,0.27981354830041383,0.9994898375642804,0.7445557868833418
long_00022_2428-6345-3536,s3,3,correct,0.0,0.27981354830041383,0.9994898375642804,0.7445557868833418
long_00022_2428-6345-3536,s3,3,contaminated,0.0,0.27981354830041383,0.9994898375642804,0.7445557868833418
long_00022_2428-6345-3536,s3,3,swapped,0.0,0.2423679707865245,0.9447460071286697,0.7398732865876446
long_00022_2428-6345-3536,s3,3,clean_correct,0.0,0.36013343479908105,0.7875751639321961,0.7497986877605476
long_00022_2428-6345-3536,s3,3,clean_swapped,0.0,0.117704222833802,0.8095461594971839,0.7359908444961547
long_00023_1272-8842-652,s1,3,honest,0.0,0.5534217735396594,0.8759116259116259,0.7555123349086147
long_00023_1272-8842-652,s1,3,correct,0.0,0.5534217735396594,0.8759116259116259,0.7555123349086147
long_00023_1272-8842-652,s1,3,contaminated,0.0,0.5534217735396594,0.8759116259116259,0.7555123349086147
long_00023_1272-8842-652,s1,3,swapped,0.0,0.5295303351330111,0.9495099495099495,0.7700795315198674
long_00023_1272-8842-652,s1,3,clean_correct,0.0,0.5907185403815703,0.782051282051282,0.7522068999234223
long_00023_1272-8842-652,s1,3,clean_swapped,0.0,0.5394987085643657,0.0,0.8297074936543509
long_00023_1272-8842-652,s2,3,honest,0.0,0.4074737426434141,0.9113144251296127,0.7719205707601717
long_00023_1272-8842-652,s2,3,correct,0.0,0.4074737426434141,0.9113144251296127,0.7719205707601717
long_00023_1272-8842-652,s2,3,contaminated,5.2158289454493866e-05,0.4074737426434141,0.9113144251296127,0.7719205707601717
long_00023_1272-8842-652,s2,3,swapped,0.0,0.22865719011966246,0.9200365965233303,0.74723025557931
long_00023_1272-8842-652,s2,3,clean_correct,0.0,0.5891976077510253,0.7648063433973773,0.7752814427383989
long_00023_1272-8842-652,s2,3,clean_swapped,0.0,0.2151133673457652,0.36555733455321743,0.8228485659203397
long_00023_1272-8842-652,s3,3,honest,0.0,0.4810479083321898,0.995599115571052,0.740703480362663
long_00023_1272-8842-652,s3,3,correct,0.0,0.4810479083321898,0.995599115571052,0.740703480362663
long_00023_1272-8842-652,s3,3,contaminated,0.0,0.4810479083321898,0.995599115571052,0.740703480362663
long_00023_1272-8842-652,s3,3,swapped,0.0,0.4379839826530206,0.931768574425263,0.7425977061300164
long_00023_1272-8842-652,s3,3,clean_correct,0.0,0.558117306209723,0.914533548771154,0.7256432558827245
long_00023_1272-8842-652,s3,3,clean_swapped,0.0,0.3714455921709868,0.7840731921648666,0.7445825684431243
long_00024_1673-422-3170,s1,3,honest,0.0,0.6782511739129115,0.9516582607366652,0.7582372522028761
long_00024_1673-422-3170,s1,3,correct,0.0,0.6782511739129115,0.9516582607366652,0.7582372522028761
long_00024_1673-422-3170,s1,3,contaminated,0.0,0.6782511739129115,0.9516582607366652,0.7582372522028761
long_00024_1673-422-3170,s1,3,swapped,0.0,0.6468094099671222,1.0,0.7546769952631093
long_00024_1673-422-3170,s1,3,clean_correct,0.0,0.6932914914221655,0.7546232615008406,0.7596773639725903
long_00024_1673-422-3170,s1,3,clean_swapped,0.0,0.6744682314749922,0.00035152070915482196,0.8291221724292134
long_00024_1673-422-3170,s2,3,honest,0.0,0.533438408622088,0.9796561930783242,0.7337442253845405
long_00024_1673-422-3170,s2,3,correct,0.0,0.533438408622088,0.9796561930783242,0.7337442253845405
long_00024_1673-422-3170,s2,3,contaminated,4.463085156478785e-05,0.533438408622088,0.9796561930783242,0.7337442253845405
long_00024_1673-422-3170,s2,3,swapped,0.0,0.3972147081735987,0.9120977534911962,0.7554995016700363
long_00024_1673-422-3170,s2,3,clean_correct,0.0,0.6478800601771193,0.9751442015786278,0.7239147899834276
long_00024_1673-422-3170,s2,3,clean_swapped,0.0,0.09986388845304156,0.3918108682452945,0.8188539558197945
long_00024_1673-422-3170,s3,3,honest,0.0,0.5291700402125212,0.9960952811699081,0.7241325883787535
long_00024_1673-422-3170,s3,3,correct,0.0,0.5291700402125212,0.9960952811699081,0.7241325883787535
long_00024_1673-422-3170,s3,3,contaminated,0.0,0.5291700402125212,0.9960952811699081,0.7241325883787535
long_00024_1673-422-3170,s3,3,swapped,0.0,0.5276263770446183,0.9948741142770994,0.7304629962671866
long_00024_1673-422-3170,s3,3,clean_correct,0.0,0.7108272021735254,0.8008668777325494,0.7307767468065782
long_00024_1673-422-3170,s3,3,clean_swapped,0.0,0.20314604867392616,0.9918438112467963,0.7272808264056703
long_00025_7976-5338-2803,s1,3,honest,0.0,0.4441572172749044,0.9408891174270756,0.7341280904570782
long_00025_7976-5338-2803,s1,3,correct,0.0,0.4441572172749044,0.9408891174270756,0.7341280904570782
long_00025_7976-5338-2803,s1,3,contaminated,0.0,0.4441572172749044,0.9408891174270756,0.7341280904570782
long_00025_7976-5338-2803,s1,3,swapped,0.0,0.5001368975497653,0.9915544751932186,0.7649842154070078
long_00025_7976-5338-2803,s1,3,clean_correct,0.0,0.577489722805544,0.6822799800548491,0.7500477225493347
long_00025_7976-5338-2803,s1,3,clean_swapped,0.0,0.5107984963193752,0.0009660932435801545,0.8239682215636506
long_00025_7976-5338-2803,s2,3,honest,0.0,0.24658304592937796,0.8954994275901546,0.726199469047907
long_00025_7976-5338-2803,s2,3,correct,0.0,0.24658304592937796,0.8954994275901546,0.726199469047907
long_00025_7976-5338-2803,s2,3,contaminated,8.146416070734347e-05,0.24658304592937796,0.8954994275901546,0.726199469047907
long_00025_7976-5338-2803,s2,3,swapped,0.0,0.24753874138805126,0.8779177001844432,0.7234319790260134
long_00025_7976-5338-2803,s2,3,clean_correct,0.0,0.42312568992518024,0.7592937098518094,0.7208784109484878
long_00025_7976-5338-2803,s2,3,clean_swapped,0.0,0.009358586895780396,0.35004452076575715,0.8173625599048362
long_00025_7976-5338-2803,s3,3,honest,0.0,0.608348967871678,0.9950168809245552,0.7058388836210944
long_00025_7976-5338-2803,s3,3,correct,0.0,0.608348967871678,0.9950168809245552,0.7058388836210944
long_00025_7976-5338-2803,s3,3,contaminated,0.0,0.608348967871678,0.9950168809245552,0.7058388836210944
long_00025_7976-5338-2803,s3,3,swapped,0.0,0.5621392783964578,0.9546000519413064,0.7104335013455692
long_00025_7976-5338-2803,s3,3,clean_correct,0.0,0.6466797804665507,0.8402480197376964,0.6995781290229562
long_00025_7976-5338-2803,s3,3,clean_swapped,0.0,0.3995413816543662,0.6648000259706531,0.7008869924168979
long_00026_5895-1993-1673,s1,3,honest,0.0,0.48547327699928383,0.9135962763351299,0.8112502609570337
long_00026_5895-1993-1673,s1,3,correct,0.0,0.48547327699928383,0.9135962763351299,0.8112502609570337
long_00026_5895-1993-1673,s1,3,contaminated,0.0,0.48547327699928383,0.9135962763351299,0.8112502609570337
long_00026_5895-1993-1673,s1,3,swapped,0.0,0.48715669349415985,0.8997876857749469,0.8068995991396959
long_00026_5895-1993-1673,s1,3,clean_correct,0.0,0.509359987201847,0.748276988404377,0.8140787924890531
long_00026_5895-1993-1673,s1,3,clean_swapped,0.0,0.46591379665732935,0.0,0.8691971449410357
long_00026_5895-1993-1673,s2,3,honest,0.0,-0.12343537420537959,0.9732007183312612,0.7497251053678132
long_00026_5895-1993-1673,s2,3,correct,0.0,-0.12343537420537959,0.9732007183312612,0.7497251053678132
long_00026_5895-1993-1673,s2,3,contaminated,0.00013061360841134725,-0.12343537420537959,0.9732007183312612,0.7497251053678132
long_00026_5895-1993-1673,s2,3,swapped,0.0,-0.1885366881679414,0.9453039861245415,0.7660189626766137
long_00026_5895-1993-1673,s2,3,clean_correct,0.0,0.42202330918472725,0.9961512486377799,0.7488840086989185
long_00026_5895-1993-1673,s2,3,clean_swapped,0.0,-0.12919326392145436,0.36712790287179015,0.8337572473721006
long_00026_5895-1993-1673,s3,3,honest,0.0,0.47107519499315376,0.823828758397035,0.7508019825123967
long_00026_5895-1993-1673,s3,3,correct,0.0,0.47107519499315376,0.823828758397035,0.7508019825123967
long_00026_5895-1993-1673,s3,3,contaminated,0.0,0.47107519499315376,0.823828758397035,0.7508019825123967
long_00026_5895-1993-1673,s3,3,swapped,0.0,0.4266778411908503,0.9801728630993746,0.7626478625546697
long_00026_5895-1993-1673,s3,3,clean_correct,0.0,0.4786600098476786,0.8437644776465137,0.7568900407615223
long_00026_5895-1993-1673,s3,3,clean_swapped,0.0,0.345834327711512,0.4649134236738476,0.7647353371988237
long_00027_3536-2428-1993,s1,3,honest,0.0,0.6011642862855711,0.946825320047725,0.7495014172893982
long_00027_3536-2428-1993,s1,3,correct,0.0,0.6011642862855711,0.946825320047725,0.7495014172893982
long_00027_3536-2428-1993,s1,3,contaminated,0.0,0.6011642862855711,0.946825320047725,0.7495014172893982
long_00027_3536-2428-1993,s1,3,swapped,0.0,0.6079447657902559,1.0,0.7500577734482695
long_00027_3536-2428-1993,s1,3,clean_correct,0.0,0.646824605516529,0.932515881461417,0.7313000491394462
long_00027_3536-2428-1993,s1,3,clean_swapped,0.0,0.6165463103829419,0.0,0.8140365695427401
long_00027_3536-2428-1993,s2,3,honest,0.0,0.3987910437913502,0.9142128467529124,0.7665605901328153
long_00027_3536-2428-1993,s2,3,correct,0.0,0.3987910437913502,0.9142128467529124,0.7665605901328153
long_00027_3536-2428-1993,s2,3,contaminated,4.4181955719211706e-05,0.3987910437913502,0.9142128467529124,0.7665605901328153
long_00027_3536-2428-1993,s2,3,swapped,0.0,0.24615246762980048,0.9440086567548432,0.7807667413905561
long_00027_3536-2428-1993,s2,3,clean_correct,0.0,0.49133296167476326,0.7548110960931969,0.7511273868750232
long_00027_3536-2428-1993,s2,3,clean_swapped,0.0,-0.08023268354559365,0.4567564523395765,0.820533847072699
long_00027_3536-2428-1993,s3,3,honest,0.0,0.3839851472949812,1.0,0.7712072114099703
long_00027_3536-2428-1993,s3,3,correct,0.0,0.3839851472949812,1.0,0.7712072114099703
long_00027_3536-2428-1993,s3,3,contaminated,0.0,0.3839851472949812,1.0,0.7712072114099703
long_00027_3536-2428-1993,s3,3,swapped,0.0,0.2305230802210475,0.8768266050036934,0.7653744621874758
long_00027_3536-2428-1993,s3,3,clean_correct,0.0,0.4808253139607349,0.835244243183351,0.7639318475470782
long_00027_3536-2428-1993,s3,3,clean_swapped,0.0,0.25158015265197387,0.7382535247454797,0.756211610201232
long_00028_2078-7850-777,s1,3,honest,0.0,0.4741179391216123,1.0,0.737355177652879
long_00028_2078-7850-777,s1,3,correct,0.0,0.4741179391216123,1.0,0.737355177652879
long_00028_2078-7850-777,s1,3,contaminated,0.0,0.4741179391216123,1.0,0.737355177652879
long_00028_2078-7850-777,s1,3,swapped,0.0,0.47100151037096355,1.0,0.729681036680327
long_00028_2078-7850-777,s1,3,clean_correct,0.0,0.5449539808574099,0.9971727690068302,0.7216580627757156
long_00028_2078-7850-777,s1,3,clean_swapped,0.0,0.49780616783416554,0.000811779196058672,0.8072140795595683
long_00028_2078-7850-777,s2,3,honest,0.0,0.3724778641312005,0.9717030114226376,0.6900701009947425
long_00028_2078-7850-777,s2,3,correct,0.0,0.3724778641312005,0.9717030114226376,0.6900701009947425
long_00028_2078-7850-777,s2,3,contaminated,4.8934404076823226e-05,0.3724778641312005,0.9717030114226376,0.6900701009947425
long_00028_2078-7850-777,s2,3,swapped,0.0,0.3295341485488365,1.0,0.6888169543084546
long_00028_2078-7850-777,s2,3,clean_correct,0.0,0.466094611321769,0.7578166552693565,0.6756624121601441
long_00028_2078-7850-777,s2,3,clean_swapped,0.0,0.10202662159582465,0.45134614897550845,0.7663262251497721
long_00028_2078-7850-777,s3,3,honest,0.0,0.464186775137941,0.9693238055594098,0.7798021057929497
long_00028_2078-7850-777,s3,3,correct,0.0,0.464186775137941,0.9693238055594098,0.7798021057929497
long_00028_2078-7850-777,s3,3,contaminated,0.0,0.464186775137941,0.9693238055594098,0.7798021057929497
long_00028_2078-7850-777,s3,3,swapped,0.0,0.3620260456794691,0.9563792146524213,0.7851678664425442
long_00028_2078-7850-777,s3,3,clean_correct,0.0,0.6501253628285097,0.8493709819157301,0.7828951075984109
long_00028_2078-7850-777,s3,3,clean_swapped,0.0,0.12546182306237086,0.7793753757920541,0.7776033474736097
long_00029_2277-251-2902,s1,3,honest,0.0,0.5707865511312656,0.9033202847984568,0.7270980987340988
long_00029_2277-251-2902,s1,3,correct,0.0,0.5707865511312656,0.9033202847984568,0.7270980987340988
long_00029_2277-251-2902,s1,3,contaminated,0.0,0.5707865511312656,0.9033202847984568,0.7270980987340988
long_00029_2277-251-2902,s1,3,swapped,0.0,0.5766011171422001,0.8847261225994951,0.7212102241867856
long_00029_2277-251-2902,s1,3,clean_correct,0.0,0.6474106521490717,0.7457308597849829,0.7172084719896988
long_00029_2277-251-2902,s1,3,clean_swapped,0.0,0.5594775797578255,0.0,0.8013731427289297
long_00029_2277-251-2902,s2,3,honest,0.0,0.5006310154325566,0.9176629879419579,0.7362871625550105
long_00029_2277-251-2902,s2,3,correct,0.0,0.5006310154325566,0.9176629879419579,0.7362871625550105
long_00029_2277-251-2902,s2,3,contaminated,7.190348325000852e-05,0.5006310154325566,0.9176629879419579,0.7362871625550105
long_00029_2277-251-2902,s2,3,swapped,0.0,0.3647644821698746,0.9097544597238036,0.7617986360923668
long_00029_2277-251-2902,s2,3,clean_correct,0.0,0.6071089987668012,0.7722730723190564,0.731028156423911
long_00029_2277-251-2902,s2,3,clean_swapped,0.0,0.11969021577074296,0.38517853493328663,0.8123747127375699
long_00029_2277-251-2902,s3,3,honest,0.0,0.536260348891395,0.891523053324912,0.7708364424848614
long_00029_2277-251-2902,s3,3,correct,0.0,0.536260348891395,0.891523053324912,0.7708364424848614
long_00029_2277-251-2902,s3,3,contaminated,0.0,0.536260348891395,0.891523053324912,0.7708364424848614
long_00029_2277-251-2902,s3,3,swapped,0.0,0.4728915658717672,0.9303362507143071,0.7646836816729389
long_00029_2277-251-2902,s3,3,clean_correct,0.0,0.7002995802067218,0.7348040542572709,0.7702719767153458
long_00029_2277-251-2902,s3,3,clean_swapped,0.0,0.34505622008186604,0.8011218382507744,0.7664744923146483
long_00030_6241-7850-8842,s1,3,honest,0.0,0.48744537725885634,0.9547483567153929,0.7835367375010287
long_00030_6241-7850-8842,s1,3,correct,0.0,0.48744537725885634,0.9547483567153929,0.7835367375010287
long_00030_6241-7850-8842,s1,3,contaminated,0.0,0.48744537725885634,0.9547483567153929,0.7835367375010287
long_00030_6241-7850-8842,s1,3,swapped,0.0,0.4733694704827984,0.928725595997253,0.7824155742781607
long_00030_6241-7850-8842,s1,3,clean_correct,0.0,0.5130747204261015,0.7533928513031819,0.7811800528654661
long_00030_6241-7850-8842,s1,3,clean_swapped,0.0,0.4708357512157214,0.000882958893358187,0.8470806071844911
long_00030_6241-7850-8842,s2,3,honest,0.0,0.2923624991674466,0.9240352660278127,0.734901393713103
long_00030_6241-7850-8842,s2,3,correct,0.0,0.2923624991674466,0.9240352660278127,0.734901393713103
long_00030_6241-7850-8842,s2,3,contaminated,4.8167096234138085e-05,0.2923624991674466,0.9240352660278127,0.734901393713103
long_00030_6241-7850-8842,s2,3,swapped,0.0,0.27522217177203023,0.9416360145839383,0.765171980728692
long_00030_6241-7850-8842,s2,3,clean_correct,0.0,0.48043967839413976,0.7599780595618365,0.73462632629018
long_00030_6241-7850-8842,s2,3,clean_swapped,0.0,0.1189348803481255,0.36976494692349887,0.8221264327403337
long_00030_6241-7850-8842,s3,3,honest,0.0,0.372187048772211,0.8957875632820709,0.7865503760982071
long_00030_6241-7850-8842,s3,3,correct,0.0,0.372187048772211,0.8957875632820709,0.7865503760982071
long_00030_6241-7850-8842,s3,3,contaminated,0.0,0.372187048772211,0.8957875632820709,0.7865503760982071
long_00030_6241-7850-8842,s3,3,swapped,0.0,0.33266280911434326,0.9139204635909193,0.7755497937467412
long_00030_6241-7850-8842,s3,3,clean_correct,0.0,0.4398375982144032,0.7593768905021173,0.7902079869846818
long_00030_6241-7850-8842,s3,3,clean_swapped,0.0,0.18286451843398854,0.7821663960263635,0.7771139638641716
long_00031_3576-5536-3170,s1,3,honest,0.0,0.5168401414686743,1.0,0.7121309666797984
long_00031_3576-5536-3170,s1,3,correct,0.0,0.5168401414686743,1.0,0.7121309666797984
long_00031_3576-5536-3170,s1,3,contaminated,0.0,0.5168401414686743,1.0,0.7121309666797984
long_00031_3576-5536-3170,s1,3,swapped,0.0,0.48435503251678297,1.0,0.6998121646925265
long_00031_3576-5536-3170,s1,3,clean_correct,0.0,0.6278919762714898,0.994750656167979,0.7084971974341747
long_00031_3576-5536-3170,s1,3,clean_swapped,0.0,0.5438560496674247,0.0007518591426071741,0.7944894079807707
long_00031_3576-5536-3170,s2,3,honest,0.0,0.4931234512206669,0.9925784920000561,0.7361620485137671
long_00031_3576-5536-3170,s2,3,correct,0.0,0.4931234512206669,0.9925784920000561,0.7361620485137671
long_00031_3576-5536-3170,s2,3,contaminated,4.590562845072552e-05,0.4931234512206669,0.9925784920000561,0.7361620485137671
long_00031_3576-5536-3170,s2,3,swapped,0.0,0.37785951153341363,0.9918247724818757,0.7341858637804066
long_00031_3576-5536-3170,s2,3,clean_correct,0.0,0.654834935508877,0.8305989090348184,0.724458513756434
long_00031_3576-5536-3170,s2,3,clean_swapped,0.0,0.16708546983569073,0.5103592612847587,0.8091780720497239
long_00031_3576-5536-3170,s3,3,honest,0.0,0.5154885582232013,0.9751129919106428,0.7087680259705091
long_00031_3576-5536-3170,s3,3,correct,0.0,0.5154885582232013,0.9751129919106428,0.7087680259705091
long_00031_3576-5536-3170,s3,3,contaminated,0.0,0.5154885582232013,0.9751129919106428,0.7087680259705091
long_00031_3576-5536-3170,s3,3,swapped,0.0,0.49272736734574407,0.984764084405677,0.7235170424901841
long_00031_3576-5536-3170,s3,3,clean_correct,0.0,0.6796519661433063,0.8153265970003166,0.7215342343937615
long_00031_3576-5536-3170,s3,3,clean_swapped,0.0,0.3120037963702524,0.8438552552033854,0.7151407165325272
long_00032_777-2086-2078,s1,3,honest,0.0,0.4684960054266425,0.9296577946768061,0.7467099514124893
long_00032_777-2086-2078,s1,3,correct,0.0,0.4684960054266425,0.9296577946768061,0.7467099514124893
long_00032_777-2086-2078,s1,3,contaminated,0.0,0.4684960054266425,0.9296577946768061,0.7467099514124893
long_00032_777-2086-2078,s1,3,swapped,0.0,0.45682935735440555,0.9545389733840304,0.756067519606247
long_00032_777-2086-2078,s1,3,clean_correct,0.0,0.5891821864968986,0.8630465779467681,0.753434917298192
long_00032_777-2086-2078,s1,3,clean_swapped,0.0,0.511072749025728,0.0009584917617237008,0.8276575604501316
long_00032_777-2086-2078,s2,3,honest,0.0,0.4011124414386248,0.9653377270336335,0.7353424774746729
long_00032_777-2086-2078,s2,3,correct,0.0,0.4011124414386248,0.9653377270336335,0.7353424774746729
long_00032_777-2086-2078,s2,3,contaminated,6.212860000704328e-05,0.4011124414386248,0.9653377270336335,0.7353424774746729
long_00032_777-2086-2078,s2,3,swapped,0.0,0.41046496187436804,0.9656548779355797,0.7302974202292213
long_00032_777-2086-2078,s2,3,clean_correct,0.0,0.5981321382101701,0.7298338438689316,0.7376532277380881
long_00032_777-2086-2078,s2,3,clean_swapped,0.0,0.3597548247052284,0.3737159256165104,0.8147618386086449
long_00032_777-2086-2078,s3,3,honest,0.0,0.5404942363622486,1.0,0.7425860950968438
long_00032_777-2086-2078,s3,3,correct,0.0,0.5404942363622486,1.0,0.7425860950968438
long_00032_777-2086-2078,s3,3,contaminated,0.0,0.5404942363622486,1.0,0.7425860950968438
long_00032_777-2086-2078,s3,3,swapped,0.0,0.5201200685233316,1.0,0.7328151788266841
long_00032_777-2086-2078,s3,3,clean_correct,0.0,0.640931760832139,1.0,0.7236601984185194
long_00032_777-2086-2078,s3,3,clean_swapped,0.0,0.3199195740088274,0.7443240220085857,0.7321590586385417
long_00033_6319-2277-3752,s1,3,honest,0.0,0.4206637921373015,0.9424940840870044,0.7120320205997344
long_00033_6319-2277-3752,s1,3,correct,0.0,0.4206637921373015,0.9424940840870044,0.7120320205997344
long_00033_6319-2277-3752,s1,3,contaminated,0.0,0.4206637921373015,0.9424940840870044,0.7120320205997344
long_00033_6319-2277-3752,s1,3,swapped,0.0,0.4862585923825088,1.0,0.7327515385553183
long_00033_6319-2277-3752,s1,3,clean_correct,0.0,0.6040539852786577,0.6798923790074233,0.7231924036506089
long_00033_6319-2277-3752,s1,3,clean_swapped,0.0,0.5597672708683024,0.0,0.8055726601065367
long_00033_6319-2277-3752,s2,3,honest,0.0,0.19507208188192632,0.9484773742161178,0.7408311069890686
long_00033_6319-2277-3752,s2,3,correct,0.0,0.19507208188192632,0.9484773742161178,0.7408311069890686
long_00033_6319-2277-3752,s2,3,contaminated,5.777023560534902e-05,0.19507208188192632,0.9484773742161178,0.7408311069890686
long_00033_6319-2277-3752,s2,3,swapped,0.0,0.21138133692086175,0.927628927471748,0.716470102844826
long_00033_6319-2277-3752,s2,3,clean_correct,0.0,0.46874267527487123,0.8865849333397817,0.7267140869583911
long_00033_6319-2277-3752,s2,3,clean_swapped,0.0,-0.029618649150681242,0.37215666360368205,0.8065695349480062
long_00033_6319-2277-3752,s3,3,honest,0.0,0.5774181747515488,0.8932557244564172,0.7104669044703423
long_00033_6319-2277-3752,s3,3,correct,0.0,0.5774181747515488,0.8932557244564172,0.7104669044703423
long_00033_6319-2277-3752,s3,3,contaminated,0.0,0.5774181747515488,0.8932557244564172,0.7104669044703423
long_00033_6319-2277-3752,s3,3,swapped,0.0,0.5621105626099907,0.9268327881470079,0.7338689510255302
long_00033_6319-2277-3752,s3,3,clean_correct,0.0,0.6619985624951357,0.7532791353986275,0.7113711157057746
long_00033_6319-2277-3752,s3,3,clean_swapped,0.0,0.39574468307072547,0.7861346289526009,0.7166736554510901
long_00034_5536-6345-1919,s1,3,honest,0.0,0.7279523350538586,0.941145361136295,0.7121995325448411
long_00034_5536-6345-1919,s1,3,correct,0.0,0.7279523350538586,0.941145361136295,0.7121995325448411
long_00034_5536-6345-1919,s1,3,contaminated,0.0,0.7279523350538586,0.941145361136295,0.7121995325448411
long_00034_5536-6345-1919,s1,3,swapped,0.0,0.729679287412674,0.9453082502266545,0.7158773986038002
long_00034_5536-6345-1919,s1,3,clean_correct,0.0,0.7384437491313506,0.859579933514657,0.7044358338342647
long_00034_5536-6345-1919,s1,3,clean_swapped,0.0,0.6867658727816346,0.0008990631610758537,0.794168664109094
long_00034_5536-6345-1919,s2,3,honest,0.0,0.4588757874456543,0.9396728716123733,0.7516806328343726
long_00034_5536-6345-1919,s2,3,correct,0.0,0.4588757874456543,0.9396728716123733,0.7516806328343726
long_00034_5536-6345-1919,s2,3,contaminated,0.00010639230737570565,0.4588757874456543,0.9396728716123733,0.7516806328343726
long_00034_5536-6345-1919,s2,3,swapped,0.0,0.33148740186884157,0.9499308026888098,0.7413010786551252
long_00034_5536-6345-1919,s2,3,clean_correct,0.0,0.5832703468014631,0.6960603157222375,0.7213199292682861
long_00034_5536-6345-1919,s2,3,clean_swapped,0.0,0.26290051144213267,0.41949158986525537,0.7969229179166366
long_00034_5536-6345-1919,s3,3,honest,0.0,0.42240537649802745,0.951735855988244,0.7582409745714596
long_00034_5536-6345-1919,s3,3,correct,0.0,0.42240537649802745,0.951735855988244,0.7582409745714596
long_00034_5536-6345-1919,s3,3,contaminated,0.0,0.42240537649802745,0.951735855988244,0.7582409745714596
long_00034_5536-6345-1919,s3,3,swapped,0.0,0.3444491008328408,0.9418396399706098,0.773814255261755
long_00034_5536-6345-1919,s3,3,clean_correct,0.0,0.5516396109981477,0.7315546167034044,0.7741303046616407
long_00034_5536-6345-1919,s3,3,clean_swapped,0.0,0.26794929580643034,0.6738611315209405,0.7598640994957349
long_00035_8842-174-3000,s1,3,honest,0.0,0.4747832006244628,0.8267692106724144,0.7678761986573741
long_00035_8842-174-3000,s1,3,correct,0.0,0.4747832006244628,0.8267692106724144,0.7678761986573741
long_00035_8842-174-3000,s1,3,contaminated,0.0,0.4747832006244628,0.8267692106724144,0.7678761986573741
long_00035_8842-174-3000,s1,3,swapped,0.0,0.45985978780714487,0.9613582182162568,0.7819922426448159
long_00035_8842-174-3000,s1,3,clean_correct,0.0,0.5495922417330816,0.6812971490153816,0.7746095020160724
long_00035_8842-174-3000,s1,3,clean_swapped,0.0,0.5284114697364268,0.00016328663335619345,0.8412394197013334
long_00035_8842-174-3000,s2,3,honest,0.0,0.2603525912031909,0.8604225397751207,0.748731834392907
long_00035_8842-174-3000,s2,3,correct,0.0,0.2603525912031909,0.8604225397751207,0.748731834392907
long_00035_8842-174-3000,s2,3,contaminated,0.00012435612237719684,0.2603525912031909,0.8604225397751207,0.748731834392907
long_00035_8842-174-3000,s2,3,swapped,0.0,0.3121475533801997,0.844249214218593,0.7653028118734273
long_00035_8842-174-3000,s2,3,clean_correct,0.0,0.500763179295793,0.6780483458086257,0.7566335761098756
long_00035_8842-174-3000,s2,3,clean_swapped,0.0,0.11551405860598357,0.33840040828229806,0.833309990635016
long_00035_8842-174-3000,s3,3,honest,0.0,0.4818395968439426,0.9130253046525835,0.7133442818503718
long_00035_8842-174-3000,s3,3,correct,0.0,0.4818395968439426,0.9130253046525835,0.7133442818503718
long_00035_8842-174-3000,s3,3,contaminated,0.0,0.4818395968439426,0.9130253046525835,0.7133442818503718
long_00035_8842-174-3000,s3,3,swapped,0.0,0.4696179526842102,0.9013375775698531,0.7203665430521788
long_00035_8842-174-3000,s3,3,clean_correct,0.0,0.5372627439159673,0.789419954342304,0.7084072605755758
long_00035_8842-174-3000,s3,3,clean_swapped,0.0,0.34806870823294545,0.5960017362785762,0.7262921307770579
long_00036_5694-3576-174,s1,3,honest,0.0,0.49096747692321296,1.0,0.7564249508746715
long_00036_5694-3576-174,s1,3,correct,0.0,0.49096747692321296,1.0,0.7564249508746715
long_00036_5694-3576-174,s1,3,contaminated,0.0,0.49096747692321296,1.0,0.7564249508746715
long_00036_5694-3576-174,s1,3,swapped,0.0,0.4500636332087648,0.9831579464988198,0.759135190033746
long_00036_5694-3576-174,s1,3,clean_correct,0.0,0.5736507477448294,0.9023242853396276,0.7490116641626569
long_00036_5694-3576-174,s1,3,clean_swapped,0.0,0.4443942483330799,0.0009916732231838447,0.8261190148856106
long_00036_5694-3576-174,s2,3,honest,0.0,0.2094949048191419,0.9399440667341723,0.7359586003290802
long_00036_5694-3576-174,s2,3,correct,0.0,0.2094949048191419,0.9399440667341723,0.7359586003290802
long_00036_5694-3576-174,s2,3,contaminated,8.149462587270717e-05,0.2094949048191419,0.9399440667341723,0.7359586003290802
long_00036_5694-3576-174,s2,3,swapped,0.0,0.18370497327103602,1.0,0.7615233666487428
long_00036_5694-3576-174,s2,3,clean_correct,0.0,0.4368695755078691,0.9452641560988154,0.7520602929791272
long_00036_5694-3576-174,s2,3,clean_swapped,0.0,0.07072190546049606,0.4430340582156002,0.8208353393494091
long_00036_5694-3576-174,s3,3,honest,0.0,0.5538724425831871,0.9798820672910163,0.7329154282783068
long_00036_5694-3576-174,s3,3,correct,0.0,0.5538724425831871,0.9798820672910163,0.7329154282783068
long_00036_5694-3576-174,s3,3,contaminated,0.0,0.5538724425831871,0.9798820672910163,0.7329154282783068
long_00036_5694-3576-174,s3,3,swapped,0.0,0.538222292758761,0.9386371519566109,0.7207617875738668
long_00036_5694-3576-174,s3,3,clean_correct,0.0,0.5754045563506562,0.6633241888184657,0.73392345821851
long_00036_5694-3576-174,s3,3,clean_swapped,0.0,0.434632316093063,0.9412543751773721,0.7256277782995199
long_00037_5895-3170-6295,s1,3,honest,0.0,0.6437028559300824,0.9649547325102881,0.8025931242753535
long_00037_5895-3170-6295,s1,3,correct,0.0,0.6437028559300824,0.9649547325102881,0.8025931242753535
long_00037_5895-3170-6295,s1,3,contaminated,0.0,0.6437028559300824,0.9649547325102881,0.8025931242753535
long_00037_5895-3170-6295,s1,3,swapped,0.0,0.5866577317242341,1.0,0.7901229911445623
long_00037_5895-3170-6295,s1,3,clean_correct,0.0,0.6682385554624305,1.0,0.7919388483191788
long_00037_5895-3170-6295,s1,3,clean_swapped,0.0,0.5852856576394694,0.0009958847736625514,0.8554823734462708
long_00037_5895-3170-6295,s2,3,honest,0.0,0.2989371675005128,0.9963742552524302,0.7127662383493032
long_00037_5895-3170-6295,s2,3,correct,0.0,0.2989371675005128,0.9963742552524302,0.7127662383493032
long_00037_5895-3170-6295,s2,3,contaminated,0.00010431722403054704,0.2989371675005128,0.9963742552524302,0.7127662383493032
long_00037_5895-3170-6295,s2,3,swapped,0.0,0.2457468358427019,0.9729303857008467,0.7747584881296068
long_00037_5895-3170-6295,s2,3,clean_correct,0.0,0.5126160218572249,0.8237809658200063,0.7183108051806508
long_00037_5895-3170-6295,s2,3,clean_swapped,0.0,-0.01342865970220758,0.4767129194104735,0.815821983645999
long_00037_5895-3170-6295,s3,3,honest,0.0,0.4597356885969599,0.9799955096542434,0.6692708335658143
long_00037_5895-3170-6295,s3,3,correct,0.0,0.4597356885969599,0.9799955096542434,0.6692708335658143
long_00037_5895-3170-6295,s3,3,contaminated,0.0,0.4597356885969599,0.9799955096542434,0.6692708335658143
long_00037_5895-3170-6295,s3,3,swapped,0.0,0.4601662536778229,0.9930773836252058,0.6700872828986929
long_00037_5895-3170-6295,s3,3,clean_correct,0.0,0.569788901149126,0.8173551863493489,0.6682456749550844
long_00037_5895-3170-6295,s3,3,clean_swapped,0.0,0.3547159566762288,0.8055680287382129,0.6792065840547525
long_00038_2086-5694-8297,s1,3,honest,0.0,0.49904366031667063,0.9713931490494995,0.7552199013001563
long_00038_2086-5694-8297,s1,3,correct,0.0,0.49904366031667063,0.9713931490494995,0.7552199013001563
long_00038_2086-5694-8297,s1,3,contaminated,0.0,0.49904366031667063,0.9713931490494995,0.7552199013001563
long_00038_2086-5694-8297,s1,3,swapped,0.0,0.4996492365615325,0.9635947592371507,0.7501491942596852
long_00038_2086-5694-8297,s1,3,clean_correct,0.0,0.6176138872351892,0.6527076254323936,0.7517830668348374
long_00038_2086-5694-8297,s1,3,clean_swapped,0.0,0.5519270028191063,0.000964275874735972,0.8264710795347416
long_00038_2086-5694-8297,s2,3,honest,0.0,0.32111426295232515,0.961009786826272,0.745599197056671
long_00038_2086-5694-8297,s2,3,correct,0.0,0.32111426295232515,0.961009786826272,0.745599197056671
long_00038_2086-5694-8297,s2,3,contaminated,2.3470869362386043e-05,0.32111426295232515,0.961009786826272,0.745599197056671
long_00038_2086-5694-8297,s2,3,swapped,0.0,0.33276636120083236,0.9647957019652198,0.7632800157069684
long_00038_2086-5694-8297,s2,3,clean_correct,0.0,0.5071848709031626,0.8598661576888638,0.747226768164979
long_00038_2086-5694-8297,s2,3,clean_swapped,0.0,0.014591489812354141,0.33856449408548944,0.8278564901998532
long_00038_2086-5694-8297,s3,3,honest,0.0,0.41150395461981076,0.9541868344627299,0.7195997407802144
long_00038_2086-5694-8297,s3,3,correct,0.0,0.41150395461981076,0.9541868344627299,0.7195997407802144
long_00038_2086-5694-8297,s3,3,contaminated,0.0,0.41150395461981076,0.9541868344627299,0.7195997407802144
long_00038_2086-5694-8297,s3,3,swapped,0.0,0.4150900047056862,0.9557599225556631,0.7188967958631944
long_00038_2086-5694-8297,s3,3,clean_correct,0.0,0.5304681494750176,0.6415375927718618,0.7255435378132034
long_00038_2086-5694-8297,s3,3,clean_swapped,0.0,0.3053012716581046,0.871999031945789,0.7242451705085533
long_00039_7976-6313-5895,s1,3,honest,0.0,0.3537918490447691,0.9160003900156006,0.737620970294447
long_00039_7976-6313-5895,s1,3,correct,0.0,0.3537918490447691,0.9160003900156006,0.737620970294447
long_00039_7976-6313-5895,s1,3,contaminated,0.0,0.3537918490447691,0.9160003900156006,0.737620970294447
long_00039_7976-6313-5895,s1,3,swapped,0.0,0.32021213706104645,0.9599258970358814,0.7599333223582975
long_00039_7976-6313-5895,s1,3,clean_correct,0.0,0.38864039810866735,0.7405014950598023,0.7375672367613776
long_00039_7976-6313-5895,s1,3,clean_swapped,0.0,0.31787473158883806,0.0010075403016120644,0.8185327881510925
long_00039_7976-6313-5895,s2,3,honest,0.0,0.2530653764237186,0.9711838389808248,0.813565957136435
long_00039_7976-6313-5895,s2,3,correct,0.0,0.2530653764237186,0.9711838389808248,0.813565957136435
long_00039_7976-6313-5895,s2,3,contaminated,5.172325263144505e-05,0.2530653764237186,0.9711838389808248,0.813565957136435
long_00039_7976-6313-5895,s2,3,swapped,0.0,0.201121481572462,0.9181236866298923,0.774829063048434
long_00039_7976-6313-5895,s2,3,clean_correct,0.0,0.35119756455041184,0.7974208694510113,0.801364299068147
long_00039_7976-6313-5895,s2,3,clean_swapped,0.0,0.1322712487581451,0.37459778040451797,0.8424299141895983
long_00039_7976-6313-5895,s3,3,honest,0.0,0.31142282255443243,0.9688661093418259,0.7932091906078336
long_00039_7976-6313-5895,s3,3,correct,0.0,0.31142282255443243,0.9688661093418259,0.7932091906078336
long_00039_7976-6313-5895,s3,3,contaminated,0.0,0.31142282255443243,0.9688661093418259,0.7932091906078336
long_00039_7976-6313-5895,s3,3,swapped,0.0,0.3415105114854776,0.9746301088110403,0.8002693526299358
long_00039_7976-6313-5895,s3,3,clean_correct,0.0,0.37531509508878,0.7195710589171974,0.7972344811532492
long_00039_7976-6313-5895,s3,3,clean_swapped,0.0,0.2422037670700864,0.8268560907643312,0.7910473358331916
long_00040_3576-6313-174,s1,3,honest,0.0,0.4294541802056663,0.9573706870414165,0.7112983035784426
long_00040_3576-6313-174,s1,3,correct,0.0,0.4294541802056663,0.9573706870414165,0.7112983035784426
long_00040_3576-6313-174,s1,3,contaminated,0.0,0.4294541802056663,0.9573706870414165,0.7112983035784426
long_00040_3576-6313-174,s1,3,swapped,0.0,0.41232083135869235,1.0,0.7239307860616112
long_00040_3576-6313-174,s1,3,clean_correct,0.0,0.5630798825842411,0.8971711842823358,0.7082257726135931
long_00040_3576-6313-174,s1,3,clean_swapped,0.0,0.45320329578704066,0.0008716875871687587,0.7964441905362819
long_00040_3576-6313-174,s2,3,honest,0.0,0.35052001767834035,0.9790769182743335,0.8118839909569019
long_00040_3576-6313-174,s2,3,correct,0.0,0.35052001767834035,0.9790769182743335,0.8118839909569019
long_00040_3576-6313-174,s2,3,contaminated,5.418109344329497e-05,0.35052001767834035,0.9790769182743335,0.8118839909569019
long_00040_3576-6313-174,s2,3,swapped,0.0,0.24546349141939355,0.8766740026222138,0.7767633549235148
long_00040_3576-6313-174,s2,3,clean_correct,0.0,0.48107832354409363,0.86485452956234,0.7995492516392604
long_00040_3576-6313-174,s2,3,clean_swapped,0.0,-0.02371583417181855,0.4627232003496285,0.8338207575000546
long_00040_3576-6313-174,s3,3,honest,0.0,0.3082914278538742,0.9053754101524802,0.7613614835938746
long_00040_3576-6313-174,s3,3,correct,0.0,0.3082914278538742,0.9053754101524802,0.7613614835938746
long_00040_3576-6313-174,s3,3,contaminated,0.0,0.3082914278538742,0.9053754101524802,0.7613614835938746
long_00040_3576-6313-174,s3,3,swapped,0.0,0.3043101579433845,0.9568696519333462,0.7695153622117479
long_00040_3576-6313-174,s3,3,clean_correct,0.0,0.493475086338413,0.7268464903815223,0.7587938916729449
long_00040_3576-6313-174,s3,3,clean_swapped,0.0,0.1970346944523178,0.8331805314289391,0.7670990335663213
long_00041_6295-2086-777,s1,3,honest,0.0,0.4452419401007485,0.91911102534414,0.7198338907642687
long_00041_6295-2086-777,s1,3,correct,0.0,0.4452419401007485,0.91911102534414,0.7198338907642687
long_00041_6295-2086-777,s1,3,contaminated,0.0,0.4452419401007485,0.91911102534414,0.7198338907642687
long_00041_6295-2086-777,s1,3,swapped,0.0,0.44769212089959165,0.9185723015566706,0.7228251799143204
long_00041_6295-2086-777,s1,3,clean_correct,0.0,0.5621490584198132,0.7525328058664609,0.7170157626884727
long_00041_6295-2086-777,s1,3,clean_swapped,0.0,0.5022103367185078,0.0007558214331660877,0.8030433247506749
long_00041_6295-2086-777,s2,3,honest,0.0,0.2354674832356225,0.9145036063766252,0.7219622307534342
long_00041_6295-2086-777,s2,3,correct,0.0,0.2354674832356225,0.9145036063766252,0.7219622307534342
long_00041_6295-2086-777,s2,3,contaminated,1.9924275700229944e-05,0.2354674832356225,0.9145036063766252,0.7219622307534342
long_00041_6295-2086-777,s2,3,swapped,0.0,0.22174399561147673,0.9160656038958056,0.7109753267374859
long_00041_6295-2086-777,s2,3,clean_correct,0.0,0.39820357601871886,0.6910001378233105,0.7239561717867241
long_00041_6295-2086-777,s2,3,clean_swapped,0.0,0.05754142114883465,0.35285447389779634,0.7954747990775867
long_00041_6295-2086-777,s3,3,honest,0.0,0.3705060821550183,0.9046376684498232,0.7497626171486281
long_00041_6295-2086-777,s3,3,correct,0.0,0.3705060821550183,0.9046376684498232,0.7497626171486281
long_00041_6295-2086-777,s3,3,contaminated,0.0,0.3705060821550183,0.9046376684498232,0.7497626171486281
long_00041_6295-2086-777,s3,3,swapped,0.0,0.3610742023064128,0.9192098570551609,0.7538676978346618
long_00041_6295-2086-777,s3,3,clean_correct,0.0,0.5466608575066818,0.7805255926802888,0.7541335439586787
long_00041_6295-2086-777,s3,3,clean_swapped,0.0,0.2751458946362606,0.7073430968458593,0.7532125708401495
long_00042_8842-2803-777,s1,3,honest,0.0,0.6061992501928569,0.8414322250639387,0.7808800616476691
long_00042_8842-2803-777,s1,3,correct,0.0,0.6061992501928569,0.8414322250639387,0.7808800616476691
long_00042_8842-2803-777,s1,3,contaminated,0.0,0.6061992501928569,0.8414322250639387,0.7808800616476691
long_00042_8842-2803-777,s1,3,swapped,0.0,0.5888001876645172,0.9854252737884451,0.769229729316262
long_00042_8842-2803-777,s1,3,clean_correct,0.0,0.6609296831709665,0.6506000393468424,0.783200575955518
long_00042_8842-2803-777,s1,3,clean_swapped,0.0,0.6199928384058404,0.0,0.8466646827451113
long_00042_8842-2803-777,s2,3,honest,0.0,0.6263848943028558,0.9837823548342605,0.6920100713546522
long_00042_8842-2803-777,s2,3,correct,0.0,0.6263848943028558,0.9837823548342605,0.6920100713546522
long_00042_8842-2803-777,s2,3,contaminated,4.755339695411185e-05,0.6263848943028558,0.9837823548342605,0.6920100713546522
long_00042_8842-2803-777,s2,3,swapped,0.0,0.42643870402945644,0.8149893491486981,0.7166608803237807
long_00042_8842-2803-777,s2,3,clean_correct,0.0,0.7415143536964253,0.8909552051246686,0.6715200201616145
long_00042_8842-2803-777,s2,3,clean_swapped,0.0,0.15776598493796895,0.31098570180681345,0.7915903129783861
long_00042_8842-2803-777,s3,3,honest,0.0,0.3896994123300044,0.9461660192778018,0.7456431374108237
long_00042_8842-2803-777,s3,3,correct,0.0,0.3896994123300044,0.9461660192778018,0.7456431374108237
long_00042_8842-2803-777,s3,3,contaminated,0.0,0.3896994123300044,0.9461660192778018,0.7456431374108237
long_00042_8842-2803-777,s3,3,swapped,0.0,0.40667710013729624,0.9818299525248165,0.7535681514429288
long_00042_8842-2803-777,s3,3,clean_correct,0.0,0.6076503634549741,0.8340310746655157,0.7616585530318064
long_00042_8842-2803-777,s3,3,clean_swapped,0.0,0.22637581162461545,0.8712343547690979,0.7488301524446914
long_00043_3853-1673-174,s1,3,honest,0.0,0.4052242035033725,0.9266286596591247,0.7023396963537761
long_00043_3853-1673-174,s1,3,correct,0.0,0.4052242035033725,0.9266286596591247,0.7023396963537761
long_00043_3853-1673-174,s1,3,contaminated,0.0,0.4052242035033725,0.9266286596591247,0.7023396963537761
long_00043_3853-1673-174,s1,3,swapped,0.0,0.40371682644605306,1.0,0.7338455995486378
long_00043_3853-1673-174,s1,3,clean_correct,0.0,0.43464864581788176,0.8866470693034029,0.714276833441405
long_00043_3853-1673-174,s1,3,clean_swapped,0.0,0.36641975543958416,0.0009204822139081894,0.7998415307254969
long_00043_3853-1673-174,s2,3,honest,0.0,0.34371695961567156,0.931697134890424,0.7457259217420497
long_00043_3853-1673-174,s2,3,correct,0.0,0.34371695961567156,0.931697134890424,0.7457259217420497
long_00043_3853-1673-174,s2,3,contaminated,6.239506516612465e-05,0.34371695961567156,0.931697134890424,0.7457259217420497
long_00043_3853-1673-174,s2,3,swapped,0.0,0.31686544148695617,0.902889390165578,0.7347665531354988
long_00043_3853-1673-174,s2,3,clean_correct,0.0,0.5534359281315608,0.802677130817551,0.7604665736402035
long_00043_3853-1673-174,s2,3,clean_swapped,0.0,0.20554762064625276,0.47477951658129297,0.8252870845283287
long_00043_3853-1673-174,s3,3,honest,0.0,0.5230928637901006,0.9479011240425743,0.7736589708064527
long_00043_3853-1673-174,s3,3,correct,0.0,0.5230928637901006,0.9479011240425743,0.7736589708064527
long_00043_3853-1673-174,s3,3,contaminated,0.0,0.5230928637901006,0.9479011240425743,0.7736589708064527
long_00043_3853-1673-174,s3,3,swapped,0.0,0.4886458088841569,0.9185400709572599,0.7662324286520673
long_00043_3853-1673-174,s3,3,clean_correct,0.0,0.5725534056583561,0.7377151099174376,0.7754207793334194
long_00043_3853-1673-174,s3,3,clean_swapped,0.0,0.34834719477339343,0.8336151729168739,0.7683633977812143
long_00044_2078-7850-1993,s1,3,honest,0.0,0.5285446830374407,1.0,0.7071580310303109
long_00044_2078-7850-1993,s1,3,correct,0.0,0.5285446830374407,1.0,0.7071580310303109
long_00044_2078-7850-1993,s1,3,contaminated,0.0,0.5285446830374407,1.0,0.7071580310303109
long_00044_2078-7850-1993,s1,3,swapped,0.0,0.5160635796586596,1.0,0.7247623639091243
long_00044_2078-7850-1993,s1,3,clean_correct,0.0,0.5811395854387374,0.9995038826574634,0.6995447152217366
long_00044_2078-7850-1993,s1,3,clean_swapped,0.0,0.5293520422224223,0.00090595340811044,0.7864057208785984
long_00044_2078-7850-1993,s2,3,honest,0.0,0.3469765411717616,0.9442561619718309,0.735701009810552
long_00044_2078-7850-1993,s2,3,correct,0.0,0.3469765411717616,0.9442561619718309,0.735701009810552
long_00044_2078-7850-1993,s2,3,contaminated,6.026372198601208e-05,0.3469765411717616,0.9442561619718309,0.735701009810552
long_00044_2078-7850-1993,s2,3,swapped,0.0,0.28108365741467206,0.9919197476525822,0.7358239363152789
long_00044_2078-7850-1993,s2,3,clean_correct,0.0,0.48484791293183244,0.6104973591549295,0.7190064491435767
long_00044_2078-7850-1993,s2,3,clean_swapped,0.0,-0.023606388530782896,0.5101232394366197,0.8077998935003301
long_00044_2078-7850-1993,s3,3,honest,0.0,0.4098481050776342,0.9999326145552561,0.7800605319820884
long_00044_2078-7850-1993,s3,3,correct,0.0,0.4098481050776342,0.9999326145552561,0.7800605319820884
long_00044_2078-7850-1993,s3,3,contaminated,0.0,0.4098481050776342,0.9999326145552561,0.7800605319820884
long_00044_2078-7850-1993,s3,3,swapped,0.0,0.320376107136404,0.9152440850554058,0.7742203437137548
long_00044_2078-7850-1993,s3,3,clean_correct,0.0,0.562344331830609,0.7338125187181791,0.7854363799874177
long_00044_2078-7850-1993,s3,3,clean_swapped,0.0,0.18763517950050768,0.7570754716981132,0.7750726774527161
long_00045_2412-5338-8842,s1,3,honest,0.0,0.5645575834413146,0.9610729743886638,0.725743988946005
long_00045_2412-5338-8842,s1,3,correct,0.0,0.5645575834413146,0.9610729743886638,0.725743988946005
long_00045_2412-5338-8842,s1,3,contaminated,0.0,0.5645575834413146,0.9610729743886638,0.725743988946005
long_00045_2412-5338-8842,s1,3,swapped,0.0,0.5247656590564085,0.9325393543406941,0.7118412255795258
long_00045_2412-5338-8842,s1,3,clean_correct,0.0,0.6133231316700968,0.8044551043475864,0.7105604144392847
long_00045_2412-5338-8842,s1,3,clean_swapped,0.0,0.5551224526679435,0.0006892178755548204,0.7998560831914064
long_00045_2412-5338-8842,s2,3,honest,0.0,0.32974913840765613,0.9310795934370852,0.7455125547794904
long_00045_2412-5338-8842,s2,3,correct,0.0,0.32974913840765613,0.9310795934370852,0.7455125547794904
long_00045_2412-5338-8842,s2,3,contaminated,3.9428167749256064e-05,0.32974913840765613,0.9310795934370852,0.7455125547794904
long_00045_2412-5338-8842,s2,3,swapped,0.0,0.232622810365802,0.9711289057787429,0.791730505040354
long_00045_2412-5338-8842,s2,3,clean_correct,0.0,0.5160714092287529,0.8314746953794185,0.7532982090977204
long_00045_2412-5338-8842,s2,3,clean_swapped,0.0,-0.15664114490228476,0.45178097478586077,0.829110636195129
long_00045_2412-5338-8842,s3,3,honest,0.0,0.36077980379359603,0.9458121109224674,0.7661659479112305
long_00045_2412-5338-8842,s3,3,correct,0.0,0.36077980379359603,0.9458121109224674,0.7661659479112305
long_00045_2412-5338-8842,s3,3,contaminated,0.0,0.36077980379359603,0.9458121109224674,0.7661659479112305
long_00045_2412-5338-8842,s3,3,swapped,0.0,0.35658352970797097,0.930731715436599,0.7582860533303922
long_00045_2412-5338-8842,s3,3,clean_correct,0.0,0.4757933785980577,0.8073005093378608,0.7724229217154337
long_00045_2412-5338-8842,s3,3,clean_swapped,0.0,0.22166548351419524,0.7856536502546689,0.7616979588010747
long_00046_5895-174-5338,s1,3,honest,0.0,0.3861709370413746,0.8715445370776657,0.8018648439675389
long_00046_5895-174-5338,s1,3,correct,0.0,0.3861709370413746,0.8715445370776657,0.8018648439675389
long_00046_5895-174-5338,s1,3,contaminated,0.0,0.3861709370413746,0.8715445370776657,0.8018648439675389
long_00046_5895-174-5338,s1,3,swapped,0.0,0.3747268483796401,0.8554263565891473,0.7909196582977011
long_00046_5895-174-5338,s1,3,clean_correct,0.0,0.42040573082980287,0.7289308176100628,0.7962810207979585
long_00046_5895-174-5338,s1,3,clean_swapped,0.0,0.38435110108948345,0.00075325435132368,0.8566552254733145
long_00046_5895-174-5338,s2,3,honest,0.0,0.34079505238868546,0.891598319509445,0.7970978710883105
long_00046_5895-174-5338,s2,3,correct,0.0,0.34079505238868546,0.891598319509445,0.7970978710883105
long_00046_5895-174-5338,s2,3,contaminated,6.323992933014324e-05,0.34079505238868546,0.891598319509445,0.7970978710883105
long_00046_5895-174-5338,s2,3,swapped,0.0,0.18404492276790363,0.9160720077846254,0.8173172546558943
long_00046_5895-174-5338,s2,3,clean_correct,0.0,0.4929186794414076,0.6911558006270948,0.7845976405667031
long_00046_5895-174-5338,s2,3,clean_swapped,0.0,-0.06943661302010085,0.37882473780949294,0.8602658444345502
long_00046_5895-174-5338,s3,3,honest,0.0,0.42909507176811584,0.9109971202303816,0.7313685594013172
long_00046_5895-174-5338,s3,3,correct,0.0,0.42909507176811584,0.9109971202303816,0.7313685594013172
long_00046_5895-174-5338,s3,3,contaminated,0.0,0.42909507176811584,0.9109971202303816,0.7313685594013172
long_00046_5895-174-5338,s3,3,swapped,0.0,0.40229205528822526,0.9674062438641272,0.7440168317683797
long_00046_5895-174-5338,s3,3,clean_correct,0.0,0.43048814791289464,0.8720875057268146,0.7309712748885817
long_00046_5895-174-5338,s3,3,clean_swapped,0.0,0.30720307115610956,0.6810573335951305,0.7402579333704846
long_00047_7976-6319-2428,s1,3,honest,0.0,0.4550472764157058,0.9696870722906558,0.7248270354947765
long_00047_7976-6319-2428,s1,3,correct,0.0,0.4550472764157058,0.9696870722906558,0.7248270354947765
long_00047_7976-6319-2428,s1,3,contaminated,0.0,0.4550472764157058,0.9696870722906558,0.7248270354947765
long_00047_7976-6319-2428,s1,3,swapped,0.0,0.40657538009723126,0.9888173447803907,0.7328585499829487
long_00047_7976-6319-2428,s1,3,clean_correct,0.0,0.5145997437030527,0.7027031230558666,0.7298281529314444
long_00047_7976-6319-2428,s1,3,clean_swapped,0.0,0.4710833641970453,0.000972066691551574,0.8081098585835983
long_00047_7976-6319-2428,s2,3,honest,0.0,0.27673142214251806,0.9471549607663794,0.7186579995251833
long_00047_7976-6319-2428,s2,3,correct,0.0,0.27673142214251806,0.9471549607663794,0.7186579995251833
long_00047_7976-6319-2428,s2,3,contaminated,4.1164537666041295e-05,0.27673142214251806,0.9471549607663794,0.7186579995251833
long_00047_7976-6319-2428,s2,3,swapped,0.0,0.13718010445722462,0.9415547425343795,0.7425763481321437
long_00047_7976-6319-2428,s2,3,clean_correct,0.0,0.43303865226824706,0.9060358799082142,0.7278124675913821
long_00047_7976-6319-2428,s2,3,clean_swapped,0.0,0.08536939437426372,0.37280363933952726,0.8183625585528971
long_00047_7976-6319-2428,s3,3,honest,0.0,0.5592883386650107,0.9754814225580856,0.7596091147828892
long_00047_7976-6319-2428,s3,3,correct,0.0,0.5592883386650107,0.9754814225580856,0.7596091147828892
long_00047_7976-6319-2428,s3,3,contaminated,0.0,0.5592883386650107,0.9754814225580856,0.7596091147828892
long_00047_7976-6319-2428,s3,3,swapped,0.0,0.5139043821167308,0.9453697258957277,0.7428391722709461
long_00047_7976-6319-2428,s3,3,clean_correct,0.0,0.6207940028571992,0.8077955652779159,0.7568875208858826
long_00047_7976-6319-2428,s3,3,clean_swapped,0.0,0.3327579955481928,0.8902339995359783,0.7452124457081977
long_00048_5694-174-5536,s1,3,honest,0.0,0.4237381199305034,0.9850510677808728,0.7575957374397084
long_00048_5694-174-5536,s1,3,correct,0.0,0.4237381199305034,0.9850510677808728,0.7575957374397084
long_00048_5694-174-5536,s1,3,contaminated,0.0,0.4237381199305034,0.9850510677808728,0.7575957374397084
long_00048_5694-174-5536,s1,3,swapped,0.0,0.4210031370090392,0.9658310120705664,0.761124669427743
long_00048_5694-174-5536,s1,3,clean_correct,0.0,0.5194730795208089,0.8680748994119468,0.7472568586498236
long_00048_5694-174-5536,s1,3,clean_swapped,0.0,0.4459117853039181,0.0009594552770040236,0.8268055639786924
long_00048_5694-174-5536,s2,3,honest,0.0,0.3836751868921296,0.9828704319919547,0.7551465287161672
long_00048_5694-174-5536,s2,3,correct,0.0,0.3836751868921296,0.9828704319919547,0.7551465287161672
long_00048_5694-174-5536,s2,3,contaminated,8.115738159386944e-05,0.3836751868921296,0.9828704319919547,0.7551465287161672
long_00048_5694-174-5536,s2,3,swapped,0.0,0.3481014569361461,0.9912411080053832,0.7447852912495183
long_00048_5694-174-5536,s2,3,clean_correct,0.0,0.5857197911805208,0.7461215374831773,0.7665579198948123
long_00048_5694-174-5536,s2,3,clean_swapped,0.0,0.22267799907679464,0.41485868938284753,0.8179380230410673
long_00048_5694-174-5536,s3,3,honest,0.0,0.5282818178710025,0.9884229756139009,0.7032540866177491
long_00048_5694-174-5536,s3,3,correct,0.0,0.5282818178710025,0.9884229756139009,0.7032540866177491
long_00048_5694-174-5536,s3,3,contaminated,0.0,0.5282818178710025,0.9884229756139009,0.7032540866177491
long_00048_5694-174-5536,s3,3,swapped,0.0,0.5248409023174752,0.9953621094967003,0.7092335578166368
long_00048_5694-174-5536,s3,3,clean_correct,0.0,0.536635869636663,0.8795635426402696,0.69719750370075
long_00048_5694-174-5536,s3,3,clean_swapped,0.0,0.3488806052848549,0.7478120486022601,0.7192189092708293
long_00049_5895-5694-2078,s1,3,honest,0.0,0.5459316539128543,0.9322821229948243,0.7880172895973222
long_00049_5895-5694-2078,s1,3,correct,0.0,0.5459316539128543,0.9322821229948243,0.7880172895973222
long_00049_5895-5694-2078,s1,3,contaminated,0.0,0.5459316539128543,0.9322821229948243,0.7880172895973222
long_00049_5895-5694-2078,s1,3,swapped,0.0,0.5484637120060054,1.0,0.7773376845845191
long_00049_5895-5694-2078,s1,3,clean_correct,0.0,0.5880231083396992,0.9999115954608288,0.7722641430255065
long_00049_5895-5694-2078,s1,3,clean_swapped,0.0,0.5518337554413888,0.0008679718391358858,0.8412362166951901
long_00049_5895-5694-2078,s2,3,honest,0.0,0.4023326341752767,1.0,0.7527651810108252
long_00049_5895-5694-2078,s2,3,correct,0.0,0.4023326341752767,1.0,0.7527651810108252
long_00049_5895-5694-2078,s2,3,contaminated,3.4810798789094217e-05,0.4023326341752767,1.0,0.7527651810108252
long_00049_5895-5694-2078,s2,3,swapped,0.0,0.24441821039890232,0.963306484419494,0.7956394834012698
long_00049_5895-5694-2078,s2,3,clean_correct,0.0,0.47739372791926343,0.7720039052965585,0.7396974803456162
long_00049_5895-5694-2078,s2,3,clean_swapped,0.0,-0.055550833588121185,0.5066959563908551,0.8269407063163241
long_00049_5895-5694-2078,s3,3,honest,0.0,0.41009088954725653,1.0,0.7315232769260247
long_00049_5895-5694-2078,s3,3,correct,0.0,0.41009088954725653,1.0,0.7315232769260247
long_00049_5895-5694-2078,s3,3,contaminated,0.0,0.41009088954725653,1.0,0.7315232769260247
long_00049_5895-5694-2078,s3,3,swapped,0.0,0.3981596006142754,1.0,0.7247293569798936
long_00049_5895-5694-2078,s3,3,clean_correct,0.0,0.5026086041183652,1.0,0.7174014896890027
long_00049_5895-5694-2078,s3,3,clean_swapped,0.0,0.28331563662236936,0.8053990378278635,0.7211059659011021
