diarization,dilate_ms,scene,speaker,system,m,depth,si_sdr,deflation_index,n_accepted_before,refine_rounds,cluster,n_clusters
oracle,0.0,long_00000_5639-61-121,s1,no_recursion,3,1,60.79937408547777,,,0,s1,3
oracle,0.0,long_00000_5639-61-121,s1,no_recursion,3,2,-6.393495756449742,,,0,s1,3
oracle,0.0,long_00000_5639-61-121,s2,no_recursion,3,1,57.86617938150278,,,0,s2,3
oracle,0.0,long_00000_5639-61-121,s2,no_recursion,3,2,1.6907653768561186,,,0,s2,3
oracle,0.0,long_00000_5639-61-121,s3,no_recursion,3,1,88.15197268806631,,,0,s3,3
oracle,0.0,long_00000_5639-61-121,s3,no_recursion,3,2,-1.5335468985049363,,,0,s3,3
oracle,0.0,long_00000_5639-61-121,s1,ungated_deflation,3,1,60.79937408547777,0,0,0,s1,3
oracle,0.0,long_00000_5639-61-121,s1,ungated_deflation,3,2,-6.393495756449742,0,0,0,s1,3
oracle,0.0,long_00000_5639-61-121,s2,ungated_deflation,3,1,55.46900999904043,1,1,0,s2,3
oracle,0.0,long_00000_5639-61-121,s2,ungated_deflation,3,2,0.6954384403734125,1,1,0,s2,3
oracle,0.0,long_00000_5639-61-121,s3,ungated_deflation,3,1,78.91846757361118,2,2,0,s3,3
oracle,0.0,long_00000_5639-61-121,s3,ungated_deflation,3,2,-5.828020511724853,2,2,0,s3,3
oracle,0.0,long_00000_5639-61-121,s1,gated_deflation,3,1,60.79937408547777,0,0,0,s1,3
oracle,0.0,long_00000_5639-61-121,s1,gated_deflation,3,2,-6.393495756449742,0,0,0,s1,3
oracle,0.0,long_00000_5639-61-121,s2,gated_deflation,3,1,55.46900999904043,1,1,0,s2,3
oracle,0.0,long_00000_5639-61-121,s2,gated_deflation,3,2,0.6954384403734125,1,1,0,s2,3
oracle,0.0,long_00000_5639-61-121,s3,gated_deflation,3,1,78.91846757361118,2,2,0,s3,3
oracle,0.0,long_00000_5639-61-121,s3,gated_deflation,3,2,-5.828020511724853,2,2,0,s3,3
oracle,0.0,long_00000_5639-61-121,s1,coarse_to_fine,3,1,60.79937408547777,,,2,s1,3
oracle,0.0,long_00000_5639-61-121,s1,coarse_to_fine,3,2,-6.393495756449742,,,2,s1,3
oracle,0.0,long_00000_5639-61-121,s2,coarse_to_fine,3,1,57.71908169433836,,,2,s2,3
oracle,0.0,long_00000_5639-61-121,s2,coarse_to_fine,3,2,1.349597689868233,,,2,s2,3
oracle,0.0,long_00000_5639-61-121,s3,coarse_to_fine,3,1,88.15197268806631,,,2,s3,3
oracle,0.0,long_00000_5639-61-121,s3,coarse_to_fine,3,2,-1.5335468985049363,,,2,s3,3
oracle,50.0,long_00000_5639-61-121,s1,no_recursion,3,1,31.005224693244543,,,0,s1,3
oracle,50.0,long_00000_5639-61-121,s1,no_recursion,3,2,-6.380929826517812,,,0,s1,3
oracle,50.0,long_00000_5639-61-121,s2,no_recursion,3,1,16.214633694116465,,,0,s2,3
oracle,50.0,long_00000_5639-61-121,s2,no_recursion,3,2,1.6314855015452716,,,0,s2,3
oracle,50.0,long_00000_5639-61-121,s3,no_recursion,3,1,75.34197827460912,,,0,s3,3
oracle,50.0,long_00000_5639-61-121,s3,no_recursion,3,2,-1.533892241039996,,,0,s3,3
oracle,50.0,long_00000_5639-61-121,s1,ungated_deflation,3,1,31.005224693244543,0,0,0,s1,3
oracle,50.0,long_00000_5639-61-121,s1,ungated_deflation,3,2,-6.380929826517812,0,0,0,s1,3
oracle,50.0,long_00000_5639-61-121,s2,ungated_deflation,3,1,17.03812119844587,1,1,0,s2,3
oracle,50.0,long_00000_5639-61-121,s2,ungated_deflation,3,2,0.6982692357448768,1,1,0,s2,3
oracle,50.0,long_00000_5639-61-121,s3,ungated_deflation,3,1,65.21896119535641,2,2,0,s3,3
oracle,50.0,long_00000_5639-61-121,s3,ungated_deflation,3,2,-5.792620780234634,2,2,0,s3,3
oracle,50.0,long_00000_5639-61-121,s1,gated_deflation,3,1,31.005224693244543,0,0,0,s1,3
oracle,50.0,long_00000_5639-61-121,s1,gated_deflation,3,2,-6.380929826517812,0,0,0,s1,3
oracle,50.0,long_00000_5639-61-121,s2,gated_deflation,3,1,17.03812119844587,1,1,0,s2,3
oracle,50.0,long_00000_5639-61-121,s2,gated_deflation,3,2,0.6982692357448768,1,1,0,s2,3
oracle,50.0,long_00000_5639-61-121,s3,gated_deflation,3,1,65.21896119535641,2,2,0,s3,3
oracle,50.0,long_00000_5639-61-121,s3,gated_deflation,3,2,-5.792620780234634,2,2,0,s3,3
oracle,50.0,long_00000_5639-61-121,s1,coarse_to_fine,3,1,31.005224693244543,,,2,s1,3
oracle,50.0,long_00000_5639-61-121,s1,coarse_to_fine,3,2,-6.380929826517812,,,2,s1,3
oracle,50.0,long_00000_5639-61-121,s2,coarse_to_fine,3,1,16.17259728140056,,,2,s2,3
oracle,50.0,long_00000_5639-61-121,s2,coarse_to_fine,3,2,1.2473764881695368,,,2,s2,3
oracle,50.0,long_00000_5639-61-121,s3,coarse_to_fine,3,1,75.34197827460912,,,2,s3,3
oracle,50.0,long_00000_5639-61-121,s3,coarse_to_fine,3,2,-1.533892241039996,,,2,s3,3
real,0.0,long_00000_5639-61-121,s1,no_recursion,3,1,47.700052610728264,,,0,SPEAKER_01,3
real,0.0,long_00000_5639-61-121,s1,no_recursion,3,2,-6.057200567923697,,,0,SPEAKER_01,3
real,0.0,long_00000_5639-61-121,s2,no_recursion,3,1,28.42555418294658,,,0,SPEAKER_02,3
real,0.0,long_00000_5639-61-121,s2,no_recursion,3,2,-2.0728852254748267,,,0,SPEAKER_02,3
real,0.0,long_00000_5639-61-121,s3,no_recursion,3,1,35.45616652259341,,,0,SPEAKER_00,3
real,0.0,long_00000_5639-61-121,s3,no_recursion,3,2,-0.7496003339622626,,,0,SPEAKER_00,3
real,0.0,long_00000_5639-61-121,s1,ungated_deflation,3,1,47.700052610728264,0,0,0,SPEAKER_01,3
real,0.0,long_00000_5639-61-121,s1,ungated_deflation,3,2,-6.057200567923697,0,0,0,SPEAKER_01,3
real,0.0,long_00000_5639-61-121,s2,ungated_deflation,3,1,28.42555418294658,1,1,0,SPEAKER_02,3
real,0.0,long_00000_5639-61-121,s2,ungated_deflation,3,2,-1.673072029276793,1,1,0,SPEAKER_02,3
real,0.0,long_00000_5639-61-121,s3,ungated_deflation,3,1,35.45616652259341,2,2,0,SPEAKER_00,3
real,0.0,long_00000_5639-61-121,s3,ungated_deflation,3,2,-5.541237885395711,2,2,0,SPEAKER_00,3
real,0.0,long_00000_5639-61-121,s1,gated_deflation,3,1,47.700052610728264,0,0,0,SPEAKER_01,3
real,0.0,long_00000_5639-61-121,s1,gated_deflation,3,2,-6.057200567923697,0,0,0,SPEAKER_01,3
real,0.0,long_00000_5639-61-121,s2,gated_deflation,3,1,28.42555418294658,1,1,0,SPEAKER_02,3
real,0.0,long_00000_5639-61-121,s2,gated_deflation,3,2,-1.673072029276793,1,1,0,SPEAKER_02,3
real,0.0,long_00000_5639-61-121,s3,gated_deflation,3,1,35.45616652259341,2,2,0,SPEAKER_00,3
real,0.0,long_00000_5639-61-121,s3,gated_deflation,3,2,-5.541237885395711,2,2,0,SPEAKER_00,3
real,0.0,long_00000_5639-61-121,s1,coarse_to_fine,3,1,47.700052610728264,,,2,SPEAKER_01,3
real,0.0,long_00000_5639-61-121,s1,coarse_to_fine,3,2,-6.057200567923697,,,2,SPEAKER_01,3
real,0.0,long_00000_5639-61-121,s2,coarse_to_fine,3,1,28.42555418294658,,,2,SPEAKER_02,3
real,0.0,long_00000_5639-61-121,s2,coarse_to_fine,3,2,-1.5983795410580437,,,2,SPEAKER_02,3
real,0.0,long_00000_5639-61-121,s3,coarse_to_fine,3,1,35.45616652259341,,,2,SPEAKER_00,3
real,0.0,long_00000_5639-61-121,s3,coarse_to_fine,3,2,-0.7496003339622626,,,2,SPEAKER_00,3
real,50.0,long_00000_5639-61-121,s1,no_recursion,3,1,47.700052610728264,,,0,SPEAKER_01,3
real,50.0,long_00000_5639-61-121,s1,no_recursion,3,2,-6.062327378871006,,,0,SPEAKER_01,3
real,50.0,long_00000_5639-61-121,s2,no_recursion,3,1,28.42555418294658,,,0,SPEAKER_02,3
real,50.0,long_00000_5639-61-121,s2,no_recursion,3,2,-1.8674023887885745,,,0,SPEAKER_02,3
real,50.0,long_00000_5639-61-121,s3,no_recursion,3,1,35.45616652259341,,,0,SPEAKER_00,3
real,50.0,long_00000_5639-61-121,s3,no_recursion,3,2,-0.7944307843551314,,,0,SPEAKER_00,3
real,50.0,long_00000_5639-61-121,s1,ungated_deflation,3,1,47.700052610728264,0,0,0,SPEAKER_01,3
real,50.0,long_00000_5639-61-121,s1,ungated_deflation,3,2,-6.062327378871006,0,0,0,SPEAKER_01,3
real,50.0,long_00000_5639-61-121,s2,ungated_deflation,3,1,28.42555418294658,1,1,0,SPEAKER_02,3
real,50.0,long_00000_5639-61-121,s2,ungated_deflation,3,2,-1.5060757455919975,1,1,0,SPEAKER_02,3
real,50.0,long_00000_5639-61-121,s3,ungated_deflation,3,1,35.45616652259341,2,2,0,SPEAKER_00,3
real,50.0,long_00000_5639-61-121,s3,ungated_deflation,3,2,-5.661077774999912,2,2,0,SPEAKER_00,3
real,50.0,long_00000_5639-61-121,s1,gated_deflation,3,1,47.700052610728264,0,0,0,SPEAKER_01,3
real,50.0,long_00000_5639-61-121,s1,gated_deflation,3,2,-6.062327378871006,0,0,0,SPEAKER_01,3
real,50.0,long_00000_5639-61-121,s2,gated_deflation,3,1,28.42555418294658,1,1,0,SPEAKER_02,3
real,50.0,long_00000_5639-61-121,s2,gated_deflation,3,2,-1.5060757455919975,1,1,0,SPEAKER_02,3
real,50.0,long_00000_5639-61-121,s3,gated_deflation,3,1,35.45616652259341,2,2,0,SPEAKER_00,3
real,50.0,long_00000_5639-61-121,s3,gated_deflation,3,2,-5.661077774999912,2,2,0,SPEAKER_00,3
real,50.0,long_00000_5639-61-121,s1,coarse_to_fine,3,1,47.700052610728264,,,2,SPEAKER_01,3
real,50.0,long_00000_5639-61-121,s1,coarse_to_fine,3,2,-6.062327378871006,,,2,SPEAKER_01,3
real,50.0,long_00000_5639-61-121,s2,coarse_to_fine,3,1,28.42555418294658,,,2,SPEAKER_02,3
real,50.0,long_00000_5639-61-121,s2,coarse_to_fine,3,2,-1.5201173258205478,,,2,SPEAKER_02,3
real,50.0,long_00000_5639-61-121,s3,coarse_to_fine,3,1,35.45616652259341,,,2,SPEAKER_00,3
real,50.0,long_00000_5639-61-121,s3,coarse_to_fine,3,2,-0.7944307843551314,,,2,SPEAKER_00,3
oracle,0.0,long_00001_3729-2300-8230,s1,no_recursion,3,1,73.45708658929459,,,0,s1,3
oracle,0.0,long_00001_3729-2300-8230,s1,no_recursion,3,2,2.992716065849814,,,0,s1,3
oracle,0.0,long_00001_3729-2300-8230,s2,no_recursion,3,1,44.559914846736405,,,0,s2,3
oracle,0.0,long_00001_3729-2300-8230,s2,no_recursion,3,2,5.576527015091948,,,0,s2,3
oracle,0.0,long_00001_3729-2300-8230,s3,no_recursion,3,1,52.48146327465544,,,0,s3,3
oracle,0.0,long_00001_3729-2300-8230,s3,no_recursion,3,2,-4.547991386360529,,,0,s3,3
oracle,0.0,long_00001_3729-2300-8230,s1,ungated_deflation,3,1,73.45708658929459,0,0,0,s1,3
oracle,0.0,long_00001_3729-2300-8230,s1,ungated_deflation,3,2,2.992716065849814,0,0,0,s1,3
oracle,0.0,long_00001_3729-2300-8230,s2,ungated_deflation,3,1,43.77738191432924,1,1,0,s2,3
oracle,0.0,long_00001_3729-2300-8230,s2,ungated_deflation,3,2,4.632814063156784,1,1,0,s2,3
oracle,0.0,long_00001_3729-2300-8230,s3,ungated_deflation,3,1,48.265780277324794,2,2,0,s3,3
oracle,0.0,long_00001_3729-2300-8230,s3,ungated_deflation,3,2,-6.0750262090692875,2,2,0,s3,3
oracle,0.0,long_00001_3729-2300-8230,s1,gated_deflation,3,1,73.45708658929459,0,0,0,s1,3
oracle,0.0,long_00001_3729-2300-8230,s1,gated_deflation,3,2,2.992716065849814,0,0,0,s1,3
oracle,0.0,long_00001_3729-2300-8230,s2,gated_deflation,3,1,43.77738191432924,1,1,0,s2,3
oracle,0.0,long_00001_3729-2300-8230,s2,gated_deflation,3,2,4.632814063156784,1,1,0,s2,3
oracle,0.0,long_00001_3729-2300-8230,s3,gated_deflation,3,1,48.265780277324794,2,2,0,s3,3
oracle,0.0,long_00001_3729-2300-8230,s3,gated_deflation,3,2,-6.0750262090692875,2,2,0,s3,3
oracle,0.0,long_00001_3729-2300-8230,s1,coarse_to_fine,3,1,73.45897124137879,,,2,s1,3
oracle,0.0,long_00001_3729-2300-8230,s1,coarse_to_fine,3,2,0.8045135751058401,,,2,s1,3
oracle,0.0,long_00001_3729-2300-8230,s2,coarse_to_fine,3,1,44.131889244249294,,,2,s2,3
oracle,0.0,long_00001_3729-2300-8230,s2,coarse_to_fine,3,2,4.9524223773114056,,,2,s2,3
oracle,0.0,long_00001_3729-2300-8230,s3,coarse_to_fine,3,1,52.48146327465544,,,2,s3,3
oracle,0.0,long_00001_3729-2300-8230,s3,coarse_to_fine,3,2,-4.547991386360529,,,2,s3,3
oracle,50.0,long_00001_3729-2300-8230,s1,no_recursion,3,1,42.90323666922487,,,0,s1,3
oracle,50.0,long_00001_3729-2300-8230,s1,no_recursion,3,2,2.9910490868577395,,,0,s1,3
oracle,50.0,long_00001_3729-2300-8230,s2,no_recursion,3,1,14.632166335693238,,,0,s2,3
oracle,50.0,long_00001_3729-2300-8230,s2,no_recursion,3,2,5.580617699110878,,,0,s2,3
oracle,50.0,long_00001_3729-2300-8230,s3,no_recursion,3,1,17.82937144804733,,,0,s3,3
oracle,50.0,long_00001_3729-2300-8230,s3,no_recursion,3,2,-4.538361102030012,,,0,s3,3
oracle,50.0,long_00001_3729-2300-8230,s1,ungated_deflation,3,1,42.90323666922487,0,0,0,s1,3
oracle,50.0,long_00001_3729-2300-8230,s1,ungated_deflation,3,2,2.9910490868577395,0,0,0,s1,3
oracle,50.0,long_00001_3729-2300-8230,s2,ungated_deflation,3,1,15.139613508999705,1,1,0,s2,3
oracle,50.0,long_00001_3729-2300-8230,s2,ungated_deflation,3,2,4.583345436258862,1,1,0,s2,3
oracle,50.0,long_00001_3729-2300-8230,s3,ungated_deflation,3,1,19.693155216063122,2,2,0,s3,3
oracle,50.0,long_00001_3729-2300-8230,s3,ungated_deflation,3,2,-6.069221457525905,2,2,0,s3,3
oracle,50.0,long_00001_3729-2300-8230,s1,gated_deflation,3,1,42.90323666922487,0,0,0,s1,3
oracle,50.0,long_00001_3729-2300-8230,s1,gated_deflation,3,2,2.9910490868577395,0,0,0,s1,3
oracle,50.0,long_00001_3729-2300-8230,s2,gated_deflation,3,1,15.139613508999705,1,1,0,s2,3
oracle,50.0,long_00001_3729-2300-8230,s2,gated_deflation,3,2,4.583345436258862,1,1,0,s2,3
oracle,50.0,long_00001_3729-2300-8230,s3,gated_deflation,3,1,19.693155216063122,2,2,0,s3,3
oracle,50.0,long_00001_3729-2300-8230,s3,gated_deflation,3,2,-6.069221457525905,2,2,0,s3,3
oracle,50.0,long_00001_3729-2300-8230,s1,coarse_to_fine,3,1,43.09144313113912,,,2,s1,3
oracle,50.0,long_00001_3729-2300-8230,s1,coarse_to_fine,3,2,0.7202244904726232,,,2,s1,3
oracle,50.0,long_00001_3729-2300-8230,s2,coarse_to_fine,3,1,14.616133782972337,,,2,s2,3
oracle,50.0,long_00001_3729-2300-8230,s2,coarse_to_fine,3,2,4.9248569153085695,,,2,s2,3
oracle,50.0,long_00001_3729-2300-8230,s3,coarse_to_fine,3,1,17.82937144804733,,,2,s3,3
oracle,50.0,long_00001_3729-2300-8230,s3,coarse_to_fine,3,2,-4.538361102030012,,,2,s3,3
real,0.0,long_00001_3729-2300-8230,s1,no_recursion,3,1,34.011568406997924,,,0,SPEAKER_02,3
real,0.0,long_00001_3729-2300-8230,s1,no_recursion,3,2,-1.6317005490091527,,,0,SPEAKER_02,3
real,0.0,long_00001_3729-2300-8230,s2,no_recursion,3,1,94.03269338645286,,,0,SPEAKER_00,3
real,0.0,long_00001_3729-2300-8230,s2,no_recursion,3,2,2.4323987954886497,,,0,SPEAKER_00,3
real,0.0,long_00001_3729-2300-8230,s3,no_recursion,3,1,59.53255497861917,,,0,SPEAKER_01,3
real,0.0,long_00001_3729-2300-8230,s3,no_recursion,3,2,-8.124886001764756,,,0,SPEAKER_01,3
real,0.0,long_00001_3729-2300-8230,s1,ungated_deflation,3,1,34.011568406997924,1,1,0,SPEAKER_02,3
real,0.0,long_00001_3729-2300-8230,s1,ungated_deflation,3,2,-5.310933781805543,1,1,0,SPEAKER_02,3
real,0.0,long_00001_3729-2300-8230,s2,ungated_deflation,3,1,94.03269338645286,0,0,0,SPEAKER_00,3
real,0.0,long_00001_3729-2300-8230,s2,ungated_deflation,3,2,2.4323987954886497,0,0,0,SPEAKER_00,3
real,0.0,long_00001_3729-2300-8230,s3,ungated_deflation,3,1,59.53255497861917,2,2,0,SPEAKER_01,3
real,0.0,long_00001_3729-2300-8230,s3,ungated_deflation,3,2,-8.970761297239886,2,2,0,SPEAKER_01,3
real,0.0,long_00001_3729-2300-8230,s1,gated_deflation,3,1,34.011568406997924,1,1,0,SPEAKER_02,3
real,0.0,long_00001_3729-2300-8230,s1,gated_deflation,3,2,-5.310933781805543,1,1,0,SPEAKER_02,3
real,0.0,long_00001_3729-2300-8230,s2,gated_deflation,3,1,94.03269338645286,0,0,0,SPEAKER_00,3
real,0.0,long_00001_3729-2300-8230,s2,gated_deflation,3,2,2.4323987954886497,0,0,0,SPEAKER_00,3
real,0.0,long_00001_3729-2300-8230,s3,gated_deflation,3,1,59.53255497861917,2,2,0,SPEAKER_01,3
real,0.0,long_00001_3729-2300-8230,s3,gated_deflation,3,2,-8.970761297239886,2,2,0,SPEAKER_01,3
real,0.0,long_00001_3729-2300-8230,s1,coarse_to_fine,3,1,34.011568406997924,,,2,SPEAKER_02,3
real,0.0,long_00001_3729-2300-8230,s1,coarse_to_fine,3,2,-0.7024650685774813,,,2,SPEAKER_02,3
real,0.0,long_00001_3729-2300-8230,s2,coarse_to_fine,3,1,94.03269338645286,,,2,SPEAKER_00,3
real,0.0,long_00001_3729-2300-8230,s2,coarse_to_fine,3,2,2.2162409796683877,,,2,SPEAKER_00,3
real,0.0,long_00001_3729-2300-8230,s3,coarse_to_fine,3,1,59.53255497861917,,,2,SPEAKER_01,3
real,0.0,long_00001_3729-2300-8230,s3,coarse_to_fine,3,2,-8.124886001764756,,,2,SPEAKER_01,3
real,50.0,long_00001_3729-2300-8230,s1,no_recursion,3,1,34.011568406997924,,,0,SPEAKER_02,3
real,50.0,long_00001_3729-2300-8230,s1,no_recursion,3,2,-1.3218088659768712,,,0,SPEAKER_02,3
real,50.0,long_00001_3729-2300-8230,s2,no_recursion,3,1,94.03269338645286,,,0,SPEAKER_00,3
real,50.0,long_00001_3729-2300-8230,s2,no_recursion,3,2,2.810083183233773,,,0,SPEAKER_00,3
real,50.0,long_00001_3729-2300-8230,s3,no_recursion,3,1,59.53255497861917,,,0,SPEAKER_01,3
real,50.0,long_00001_3729-2300-8230,s3,no_recursion,3,2,-7.502348638956185,,,0,SPEAKER_01,3
real,50.0,long_00001_3729-2300-8230,s1,ungated_deflation,3,1,34.011568406997924,1,1,0,SPEAKER_02,3
real,50.0,long_00001_3729-2300-8230,s1,ungated_deflation,3,2,-5.15194319022889,1,1,0,SPEAKER_02,3
real,50.0,long_00001_3729-2300-8230,s2,ungated_deflation,3,1,94.03269338645286,0,0,0,SPEAKER_00,3
real,50.0,long_00001_3729-2300-8230,s2,ungated_deflation,3,2,2.810083183233773,0,0,0,SPEAKER_00,3
real,50.0,long_00001_3729-2300-8230,s3,ungated_deflation,3,1,59.53255497861917,2,2,0,SPEAKER_01,3
real,50.0,long_00001_3729-2300-8230,s3,ungated_deflation,3,2,-8.734173651717967,2,2,0,SPEAKER_01,3
real,50.0,long_00001_3729-2300-8230,s1,gated_deflation,3,1,34.011568406997924,1,1,0,SPEAKER_02,3
real,50.0,long_00001_3729-2300-8230,s1,gated_deflation,3,2,-5.15194319022889,1,1,0,SPEAKER_02,3
real,50.0,long_00001_3729-2300-8230,s2,gated_deflation,3,1,94.03269338645286,0,0,0,SPEAKER_00,3
real,50.0,long_00001_3729-2300-8230,s2,gated_deflation,3,2,2.810083183233773,0,0,0,SPEAKER_00,3
real,50.0,long_00001_3729-2300-8230,s3,gated_deflation,3,1,59.53255497861917,2,2,0,SPEAKER_01,3
real,50.0,long_00001_3729-2300-8230,s3,gated_deflation,3,2,-8.734173651717967,2,2,0,SPEAKER_01,3
real,50.0,long_00001_3729-2300-8230,s1,coarse_to_fine,3,1,34.011568406997924,,,2,SPEAKER_02,3
real,50.0,long_00001_3729-2300-8230,s1,coarse_to_fine,3,2,-0.3446992629382569,,,2,SPEAKER_02,3
real,50.0,long_00001_3729-2300-8230,s2,coarse_to_fine,3,1,94.03269338645286,,,2,SPEAKER_00,3
real,50.0,long_00001_3729-2300-8230,s2,coarse_to_fine,3,2,2.5810779539034723,,,2,SPEAKER_00,3
real,50.0,long_00001_3729-2300-8230,s3,coarse_to_fine,3,1,59.53255497861917,,,2,SPEAKER_01,3
real,50.0,long_00001_3729-2300-8230,s3,coarse_to_fine,3,2,-7.502348638956185,,,2,SPEAKER_01,3
oracle,0.0,long_00002_4077-237-2300,s1,no_recursion,3,1,45.47358481605738,,,0,s1,3
oracle,0.0,long_00002_4077-237-2300,s1,no_recursion,3,2,1.8124856681220483,,,0,s1,3
oracle,0.0,long_00002_4077-237-2300,s2,no_recursion,3,1,38.244093298738356,,,0,s2,3
oracle,0.0,long_00002_4077-237-2300,s2,no_recursion,3,2,2.976950201891599,,,0,s2,3
oracle,0.0,long_00002_4077-237-2300,s3,no_recursion,3,1,43.92947104145439,,,0,s3,3
oracle,0.0,long_00002_4077-237-2300,s3,no_recursion,3,2,7.168572142969517,,,0,s3,3
oracle,0.0,long_00002_4077-237-2300,s1,ungated_deflation,3,1,45.47358481605738,0,0,0,s1,3
oracle,0.0,long_00002_4077-237-2300,s1,ungated_deflation,3,2,1.8124856681220483,0,0,0,s1,3
oracle,0.0,long_00002_4077-237-2300,s2,ungated_deflation,3,1,36.25010864602328,1,1,0,s2,3
oracle,0.0,long_00002_4077-237-2300,s2,ungated_deflation,3,2,-0.6172908615330002,1,1,0,s2,3
oracle,0.0,long_00002_4077-237-2300,s3,ungated_deflation,3,1,36.89321772835267,2,2,0,s3,3
oracle,0.0,long_00002_4077-237-2300,s3,ungated_deflation,3,2,2.229963561682288,2,2,0,s3,3
oracle,0.0,long_00002_4077-237-2300,s1,gated_deflation,3,1,45.47358481605738,0,0,0,s1,3
oracle,0.0,long_00002_4077-237-2300,s1,gated_deflation,3,2,1.8124856681220483,0,0,0,s1,3
oracle,0.0,long_00002_4077-237-2300,s2,gated_deflation,3,1,36.25010864602328,1,1,0,s2,3
oracle,0.0,long_00002_4077-237-2300,s2,gated_deflation,3,2,-0.6172908615330002,1,1,0,s2,3
oracle,0.0,long_00002_4077-237-2300,s3,gated_deflation,3,1,36.89321772835267,2,2,0,s3,3
oracle,0.0,long_00002_4077-237-2300,s3,gated_deflation,3,2,2.229963561682288,2,2,0,s3,3
oracle,0.0,long_00002_4077-237-2300,s1,coarse_to_fine,3,1,45.6944447798556,,,2,s1,3
oracle,0.0,long_00002_4077-237-2300,s1,coarse_to_fine,3,2,1.8744145249512445,,,2,s1,3
oracle,0.0,long_00002_4077-237-2300,s2,coarse_to_fine,3,1,38.968746914312646,,,2,s2,3
oracle,0.0,long_00002_4077-237-2300,s2,coarse_to_fine,3,2,-2.912978497028975,,,2,s2,3
oracle,0.0,long_00002_4077-237-2300,s3,coarse_to_fine,3,1,44.23986298331519,,,2,s3,3
oracle,0.0,long_00002_4077-237-2300,s3,coarse_to_fine,3,2,6.761791236951944,,,2,s3,3
oracle,50.0,long_00002_4077-237-2300,s1,no_recursion,3,1,17.882059558569104,,,0,s1,3
oracle,50.0,long_00002_4077-237-2300,s1,no_recursion,3,2,1.859648016624139,,,0,s1,3
oracle,50.0,long_00002_4077-237-2300,s2,no_recursion,3,1,0.191282862442614,,,0,s2,3
oracle,50.0,long_00002_4077-237-2300,s2,no_recursion,3,2,2.9555183002305268,,,0,s2,3
oracle,50.0,long_00002_4077-237-2300,s3,no_recursion,3,1,13.100561183695671,,,0,s3,3
oracle,50.0,long_00002_4077-237-2300,s3,no_recursion,3,2,7.17288226843686,,,0,s3,3
oracle,50.0,long_00002_4077-237-2300,s1,ungated_deflation,3,1,17.882059558569104,0,0,0,s1,3
oracle,50.0,long_00002_4077-237-2300,s1,ungated_deflation,3,2,1.859648016624139,0,0,0,s1,3
oracle,50.0,long_00002_4077-237-2300,s2,ungated_deflation,3,1,-0.41159268346529865,1,1,0,s2,3
oracle,50.0,long_00002_4077-237-2300,s2,ungated_deflation,3,2,-0.596579946679912,1,1,0,s2,3
oracle,50.0,long_00002_4077-237-2300,s3,ungated_deflation,3,1,17.949816777973222,2,2,0,s3,3
oracle,50.0,long_00002_4077-237-2300,s3,ungated_deflation,3,2,2.406559167030752,2,2,0,s3,3
oracle,50.0,long_00002_4077-237-2300,s1,gated_deflation,3,1,17.882059558569104,0,0,0,s1,3
oracle,50.0,long_00002_4077-237-2300,s1,gated_deflation,3,2,1.859648016624139,0,0,0,s1,3
oracle,50.0,long_00002_4077-237-2300,s2,gated_deflation,3,1,-0.41159268346529865,1,1,0,s2,3
oracle,50.0,long_00002_4077-237-2300,s2,gated_deflation,3,2,-0.596579946679912,1,1,0,s2,3
oracle,50.0,long_00002_4077-237-2300,s3,gated_deflation,3,1,17.949816777973222,2,2,0,s3,3
oracle,50.0,long_00002_4077-237-2300,s3,gated_deflation,3,2,2.406559167030752,2,2,0,s3,3
oracle,50.0,long_00002_4077-237-2300,s1,coarse_to_fine,3,1,18.798400059784434,,,2,s1,3
oracle,50.0,long_00002_4077-237-2300,s1,coarse_to_fine,3,2,1.7922731843280366,,,2,s1,3
oracle,50.0,long_00002_4077-237-2300,s2,coarse_to_fine,3,1,1.6793751307567915,,,2,s2,3
oracle,50.0,long_00002_4077-237-2300,s2,coarse_to_fine,3,2,-2.950705378104309,,,2,s2,3
oracle,50.0,long_00002_4077-237-2300,s3,coarse_to_fine,3,1,13.337811048098143,,,2,s3,3
oracle,50.0,long_00002_4077-237-2300,s3,coarse_to_fine,3,2,6.807677079968075,,,2,s3,3
real,0.0,long_00002_4077-237-2300,s1,no_recursion,3,1,52.94067921697446,,,0,SPEAKER_01,3
real,0.0,long_00002_4077-237-2300,s1,no_recursion,3,2,-0.6666001906141164,,,0,SPEAKER_01,3
real,0.0,long_00002_4077-237-2300,s2,no_recursion,3,1,40.59209777517981,,,0,SPEAKER_00,3
real,0.0,long_00002_4077-237-2300,s2,no_recursion,3,2,1.1932376687902484,,,0,SPEAKER_00,3
real,0.0,long_00002_4077-237-2300,s3,no_recursion,3,1,46.9425126348612,,,0,SPEAKER_02,3
real,0.0,long_00002_4077-237-2300,s3,no_recursion,3,2,-1.2650046610409689,,,0,SPEAKER_02,3
real,0.0,long_00002_4077-237-2300,s1,ungated_deflation,3,1,52.94067921697446,2,2,0,SPEAKER_01,3
real,0.0,long_00002_4077-237-2300,s1,ungated_deflation,3,2,-0.18868565431700923,2,2,0,SPEAKER_01,3
real,0.0,long_00002_4077-237-2300,s2,ungated_deflation,3,1,40.59209777517981,1,1,0,SPEAKER_00,3
real,0.0,long_00002_4077-237-2300,s2,ungated_deflation,3,2,-0.31205930826736294,1,1,0,SPEAKER_00,3
real,0.0,long_00002_4077-237-2300,s3,ungated_deflation,3,1,46.9425126348612,0,0,0,SPEAKER_02,3
real,0.0,long_00002_4077-237-2300,s3,ungated_deflation,3,2,-1.2650046610409689,0,0,0,SPEAKER_02,3
real,0.0,long_00002_4077-237-2300,s1,gated_deflation,3,1,52.94067921697446,2,2,0,SPEAKER_01,3
real,0.0,long_00002_4077-237-2300,s1,gated_deflation,3,2,-0.18868565431700923,2,2,0,SPEAKER_01,3
real,0.0,long_00002_4077-237-2300,s2,gated_deflation,3,1,40.59209777517981,1,1,0,SPEAKER_00,3
real,0.0,long_00002_4077-237-2300,s2,gated_deflation,3,2,-0.31205930826736294,1,1,0,SPEAKER_00,3
real,0.0,long_00002_4077-237-2300,s3,gated_deflation,3,1,46.9425126348612,0,0,0,SPEAKER_02,3
real,0.0,long_00002_4077-237-2300,s3,gated_deflation,3,2,-1.2650046610409689,0,0,0,SPEAKER_02,3
real,0.0,long_00002_4077-237-2300,s1,coarse_to_fine,3,1,52.94067921697446,,,2,SPEAKER_01,3
real,0.0,long_00002_4077-237-2300,s1,coarse_to_fine,3,2,-0.4814156588798959,,,2,SPEAKER_01,3
real,0.0,long_00002_4077-237-2300,s2,coarse_to_fine,3,1,40.59209777517981,,,2,SPEAKER_00,3
real,0.0,long_00002_4077-237-2300,s2,coarse_to_fine,3,2,-3.2807902514130665,,,2,SPEAKER_00,3
real,0.0,long_00002_4077-237-2300,s3,coarse_to_fine,3,1,46.9425126348612,,,2,SPEAKER_02,3
real,0.0,long_00002_4077-237-2300,s3,coarse_to_fine,3,2,-1.2513753316757006,,,2,SPEAKER_02,3
real,50.0,long_00002_4077-237-2300,s1,no_recursion,3,1,52.94067921697446,,,0,SPEAKER_01,3
real,50.0,long_00002_4077-237-2300,s1,no_recursion,3,2,-0.34945377223643304,,,0,SPEAKER_01,3
real,50.0,long_00002_4077-237-2300,s2,no_recursion,3,1,40.59209777517981,,,0,SPEAKER_00,3
real,50.0,long_00002_4077-237-2300,s2,no_recursion,3,2,1.3840759174913417,,,0,SPEAKER_00,3
real,50.0,long_00002_4077-237-2300,s3,no_recursion,3,1,46.9425126348612,,,0,SPEAKER_02,3
real,50.0,long_00002_4077-237-2300,s3,no_recursion,3,2,-0.6431540056789511,,,0,SPEAKER_02,3
real,50.0,long_00002_4077-237-2300,s1,ungated_deflation,3,1,52.94067921697446,2,2,0,SPEAKER_01,3
real,50.0,long_00002_4077-237-2300,s1,ungated_deflation,3,2,-0.13096150641820978,2,2,0,SPEAKER_01,3
real,50.0,long_00002_4077-237-2300,s2,ungated_deflation,3,1,40.59209777517981,1,1,0,SPEAKER_00,3
real,50.0,long_00002_4077-237-2300,s2,ungated_deflation,3,2,-0.07908735515756507,1,1,0,SPEAKER_00,3
real,50.0,long_00002_4077-237-2300,s3,ungated_deflation,3,1,46.9425126348612,0,0,0,SPEAKER_02,3
real,50.0,long_00002_4077-237-2300,s3,ungated_deflation,3,2,-0.6431540056789511,0,0,0,SPEAKER_02,3
real,50.0,long_00002_4077-237-2300,s1,gated_deflation,3,1,52.94067921697446,2,2,0,SPEAKER_01,3
real,50.0,long_00002_4077-237-2300,s1,gated_deflation,3,2,-0.13096150641820978,2,2,0,SPEAKER_01,3
real,50.0,long_00002_4077-237-2300,s2,gated_deflation,3,1,40.59209777517981,1,1,0,SPEAKER_00,3
real,50.0,long_00002_4077-237-2300,s2,gated_deflation,3,2,-0.07908735515756507,1,1,0,SPEAKER_00,3
real,50.0,long_00002_4077-237-2300,s3,gated_deflation,3,1,46.9425126348612,0,0,0,SPEAKER_02,3
real,50.0,long_00002_4077-237-2300,s3,gated_deflation,3,2,-0.6431540056789511,0,0,0,SPEAKER_02,3
real,50.0,long_00002_4077-237-2300,s1,coarse_to_fine,3,1,52.94067921697446,,,2,SPEAKER_01,3
real,50.0,long_00002_4077-237-2300,s1,coarse_to_fine,3,2,-0.31340521938936783,,,2,SPEAKER_01,3
real,50.0,long_00002_4077-237-2300,s2,coarse_to_fine,3,1,40.59209777517981,,,2,SPEAKER_00,3
real,50.0,long_00002_4077-237-2300,s2,coarse_to_fine,3,2,-3.11099304831997,,,2,SPEAKER_00,3
real,50.0,long_00002_4077-237-2300,s3,coarse_to_fine,3,1,46.9425126348612,,,2,SPEAKER_02,3
real,50.0,long_00002_4077-237-2300,s3,coarse_to_fine,3,2,-0.6671404053390322,,,2,SPEAKER_02,3
