diarization,dilate_ms,scene,speaker,system,m,si_sdr,deflation_index,n_accepted_before,refine_rounds,cluster,n_clusters
oracle,0.0,long_00000_5639-61-121,s1,no_recursion,3,-18.932007442300712,,,0,s1,3
oracle,0.0,long_00000_5639-61-121,s2,no_recursion,3,-13.230134704373672,,,0,s2,3
oracle,0.0,long_00000_5639-61-121,s3,no_recursion,3,-17.916071627357862,,,0,s3,3
oracle,0.0,long_00000_5639-61-121,s1,ungated_deflation,3,-18.932007442300712,0,0,0,s1,3
oracle,0.0,long_00000_5639-61-121,s2,ungated_deflation,3,-8.921323013663992,1,1,0,s2,3
oracle,0.0,long_00000_5639-61-121,s3,ungated_deflation,3,-12.38971807269753,2,2,0,s3,3
oracle,0.0,long_00000_5639-61-121,s1,gated_deflation,3,-18.932007442300712,0,0,0,s1,3
oracle,0.0,long_00000_5639-61-121,s2,gated_deflation,3,-8.921323013663992,1,1,0,s2,3
oracle,0.0,long_00000_5639-61-121,s3,gated_deflation,3,-12.38971807269753,2,2,0,s3,3
oracle,0.0,long_00000_5639-61-121,s1,coarse_to_fine,3,-18.932007442300712,,,2,s1,3
oracle,0.0,long_00000_5639-61-121,s2,coarse_to_fine,3,-14.312139895545716,,,2,s2,3
oracle,0.0,long_00000_5639-61-121,s3,coarse_to_fine,3,-17.916071627357862,,,2,s3,3
real,0.0,long_00000_5639-61-121,s1,no_recursion,3,-17.66569132815926,,,0,SPEAKER_01,3
real,0.0,long_00000_5639-61-121,s2,no_recursion,3,-22.253016956320444,,,0,SPEAKER_02,3
real,0.0,long_00000_5639-61-121,s3,no_recursion,3,-14.195785097857936,,,0,SPEAKER_00,3
real,0.0,long_00000_5639-61-121,s1,ungated_deflation,3,-17.66569132815926,0,0,0,SPEAKER_01,3
real,0.0,long_00000_5639-61-121,s2,ungated_deflation,3,-12.758407658037882,1,1,0,SPEAKER_02,3
real,0.0,long_00000_5639-61-121,s3,ungated_deflation,3,-12.4241237573717,2,2,0,SPEAKER_00,3
real,0.0,long_00000_5639-61-121,s1,gated_deflation,3,-17.66569132815926,0,0,0,SPEAKER_01,3
real,0.0,long_00000_5639-61-121,s2,gated_deflation,3,-12.758407658037882,1,1,0,SPEAKER_02,3
real,0.0,long_00000_5639-61-121,s3,gated_deflation,3,-12.4241237573717,2,2,0,SPEAKER_00,3
real,0.0,long_00000_5639-61-121,s1,coarse_to_fine,3,-17.66569132815926,,,2,SPEAKER_01,3
real,0.0,long_00000_5639-61-121,s2,coarse_to_fine,3,-22.655134326106715,,,2,SPEAKER_02,3
real,0.0,long_00000_5639-61-121,s3,coarse_to_fine,3,-14.195785097857936,,,2,SPEAKER_00,3
real_index_order,0.0,long_00000_5639-61-121,s1,no_recursion,3,-17.66569132815926,,,0,SPEAKER_01,3
real_index_order,0.0,long_00000_5639-61-121,s2,no_recursion,3,-22.253016956320444,,,0,SPEAKER_02,3
real_index_order,0.0,long_00000_5639-61-121,s3,no_recursion,3,-14.195785097857936,,,0,SPEAKER_00,3
real_index_order,0.0,long_00000_5639-61-121,s1,ungated_deflation,3,-17.66569132815926,0,0,0,SPEAKER_01,3
real_index_order,0.0,long_00000_5639-61-121,s2,ungated_deflation,3,-12.758407658037882,1,1,0,SPEAKER_02,3
real_index_order,0.0,long_00000_5639-61-121,s3,ungated_deflation,3,-12.4241237573717,2,2,0,SPEAKER_00,3
real_index_order,0.0,long_00000_5639-61-121,s1,gated_deflation,3,-17.66569132815926,0,0,0,SPEAKER_01,3
real_index_order,0.0,long_00000_5639-61-121,s2,gated_deflation,3,-12.758407658037882,1,1,0,SPEAKER_02,3
real_index_order,0.0,long_00000_5639-61-121,s3,gated_deflation,3,-12.4241237573717,2,2,0,SPEAKER_00,3
real_index_order,0.0,long_00000_5639-61-121,s1,coarse_to_fine,3,-17.66569132815926,,,2,SPEAKER_01,3
real_index_order,0.0,long_00000_5639-61-121,s2,coarse_to_fine,3,-22.655134326106715,,,2,SPEAKER_02,3
real_index_order,0.0,long_00000_5639-61-121,s3,coarse_to_fine,3,-14.195785097857936,,,2,SPEAKER_00,3
oracle,0.0,long_00001_3729-2300-8230,s1,no_recursion,3,-13.025236254905167,,,0,s1,3
oracle,0.0,long_00001_3729-2300-8230,s2,no_recursion,3,-3.9544617068110464,,,0,s2,3
oracle,0.0,long_00001_3729-2300-8230,s3,no_recursion,3,-21.803081156540255,,,0,s3,3
oracle,0.0,long_00001_3729-2300-8230,s1,ungated_deflation,3,-13.025236254905167,0,0,0,s1,3
oracle,0.0,long_00001_3729-2300-8230,s2,ungated_deflation,3,-4.125262414330359,1,1,0,s2,3
oracle,0.0,long_00001_3729-2300-8230,s3,ungated_deflation,3,-16.67787891934126,2,2,0,s3,3
oracle,0.0,long_00001_3729-2300-8230,s1,gated_deflation,3,-13.025236254905167,0,0,0,s1,3
oracle,0.0,long_00001_3729-2300-8230,s2,gated_deflation,3,-4.125262414330359,1,1,0,s2,3
oracle,0.0,long_00001_3729-2300-8230,s3,gated_deflation,3,-16.67787891934126,2,2,0,s3,3
oracle,0.0,long_00001_3729-2300-8230,s1,coarse_to_fine,3,-17.155498796323513,,,2,s1,3
oracle,0.0,long_00001_3729-2300-8230,s2,coarse_to_fine,3,-4.104154409172054,,,2,s2,3
oracle,0.0,long_00001_3729-2300-8230,s3,coarse_to_fine,3,-21.803081156540255,,,2,s3,3
real,0.0,long_00001_3729-2300-8230,s1,no_recursion,3,-22.25733768872617,,,0,SPEAKER_02,3
real,0.0,long_00001_3729-2300-8230,s2,no_recursion,3,-5.683793327312937,,,0,SPEAKER_00,3
real,0.0,long_00001_3729-2300-8230,s3,no_recursion,3,-27.359137037299735,,,0,SPEAKER_01,3
real,0.0,long_00001_3729-2300-8230,s1,ungated_deflation,3,-17.28180570303023,1,1,0,SPEAKER_02,3
real,0.0,long_00001_3729-2300-8230,s2,ungated_deflation,3,-5.683793327312937,0,0,0,SPEAKER_00,3
real,0.0,long_00001_3729-2300-8230,s3,ungated_deflation,3,-18.67447523488312,2,2,0,SPEAKER_01,3
real,0.0,long_00001_3729-2300-8230,s1,gated_deflation,3,-17.28180570303023,1,1,0,SPEAKER_02,3
real,0.0,long_00001_3729-2300-8230,s2,gated_deflation,3,-5.683793327312937,0,0,0,SPEAKER_00,3
real,0.0,long_00001_3729-2300-8230,s3,gated_deflation,3,-18.67447523488312,2,2,0,SPEAKER_01,3
real,0.0,long_00001_3729-2300-8230,s1,coarse_to_fine,3,-28.402101052506552,,,2,SPEAKER_02,3
real,0.0,long_00001_3729-2300-8230,s2,coarse_to_fine,3,-5.673658669192357,,,2,SPEAKER_00,3
real,0.0,long_00001_3729-2300-8230,s3,coarse_to_fine,3,-27.359137037299735,,,2,SPEAKER_01,3
real_index_order,0.0,long_00001_3729-2300-8230,s1,no_recursion,3,-22.25733768872617,,,0,SPEAKER_02,3
real_index_order,0.0,long_00001_3729-2300-8230,s2,no_recursion,3,-5.683793327312937,,,0,SPEAKER_00,3
real_index_order,0.0,long_00001_3729-2300-8230,s3,no_recursion,3,-27.359137037299735,,,0,SPEAKER_01,3
real_index_order,0.0,long_00001_3729-2300-8230,s1,ungated_deflation,3,-22.25733768872617,0,0,0,SPEAKER_02,3
real_index_order,0.0,long_00001_3729-2300-8230,s2,ungated_deflation,3,-5.599555590117021,1,1,0,SPEAKER_00,3
real_index_order,0.0,long_00001_3729-2300-8230,s3,ungated_deflation,3,-19.41221524262896,2,2,0,SPEAKER_01,3
real_index_order,0.0,long_00001_3729-2300-8230,s1,gated_deflation,3,-22.25733768872617,0,0,0,SPEAKER_02,3
real_index_order,0.0,long_00001_3729-2300-8230,s2,gated_deflation,3,-5.599555590117021,1,1,0,SPEAKER_00,3
real_index_order,0.0,long_00001_3729-2300-8230,s3,gated_deflation,3,-19.41221524262896,2,2,0,SPEAKER_01,3
real_index_order,0.0,long_00001_3729-2300-8230,s1,coarse_to_fine,3,-28.402101052506552,,,2,SPEAKER_02,3
real_index_order,0.0,long_00001_3729-2300-8230,s2,coarse_to_fine,3,-5.673658669192357,,,2,SPEAKER_00,3
real_index_order,0.0,long_00001_3729-2300-8230,s3,coarse_to_fine,3,-27.359137037299735,,,2,SPEAKER_01,3
oracle,0.0,long_00002_4077-237-2300,s1,no_recursion,3,-17.993888147245688,,,0,s1,3
oracle,0.0,long_00002_4077-237-2300,s2,no_recursion,3,-2.5320856098107365,,,0,s2,3
oracle,0.0,long_00002_4077-237-2300,s3,no_recursion,3,-9.172493467616219,,,0,s3,3
oracle,0.0,long_00002_4077-237-2300,s1,ungated_deflation,3,-17.993888147245688,0,0,0,s1,3
oracle,0.0,long_00002_4077-237-2300,s2,ungated_deflation,3,-4.005039146735668,1,1,0,s2,3
oracle,0.0,long_00002_4077-237-2300,s3,ungated_deflation,3,-7.374620970134394,2,2,0,s3,3
oracle,0.0,long_00002_4077-237-2300,s1,gated_deflation,3,-17.993888147245688,0,0,0,s1,3
oracle,0.0,long_00002_4077-237-2300,s2,gated_deflation,3,-4.005039146735668,1,1,0,s2,3
oracle,0.0,long_00002_4077-237-2300,s3,gated_deflation,3,-7.374620970134394,2,2,0,s3,3
oracle,0.0,long_00002_4077-237-2300,s1,coarse_to_fine,3,-21.384809806874756,,,2,s1,3
oracle,0.0,long_00002_4077-237-2300,s2,coarse_to_fine,3,-7.804215638362822,,,2,s2,3
oracle,0.0,long_00002_4077-237-2300,s3,coarse_to_fine,3,-10.027845484589433,,,2,s3,3
real,0.0,long_00002_4077-237-2300,s1,no_recursion,3,-28.34353281153893,,,0,SPEAKER_01,3
real,0.0,long_00002_4077-237-2300,s2,no_recursion,3,-3.7882086936560295,,,0,SPEAKER_00,3
real,0.0,long_00002_4077-237-2300,s3,no_recursion,3,-18.88381122087512,,,0,SPEAKER_02,3
real,0.0,long_00002_4077-237-2300,s1,ungated_deflation,3,-9.005693462731356,2,2,0,SPEAKER_01,3
real,0.0,long_00002_4077-237-2300,s2,ungated_deflation,3,-4.360506027461458,1,1,0,SPEAKER_00,3
real,0.0,long_00002_4077-237-2300,s3,ungated_deflation,3,-18.88381122087512,0,0,0,SPEAKER_02,3
real,0.0,long_00002_4077-237-2300,s1,gated_deflation,3,-9.005693462731356,2,2,0,SPEAKER_01,3
real,0.0,long_00002_4077-237-2300,s2,gated_deflation,3,-4.360506027461458,1,1,0,SPEAKER_00,3
real,0.0,long_00002_4077-237-2300,s3,gated_deflation,3,-18.88381122087512,0,0,0,SPEAKER_02,3
real,0.0,long_00002_4077-237-2300,s1,coarse_to_fine,3,-37.1067897000916,,,2,SPEAKER_01,3
real,0.0,long_00002_4077-237-2300,s2,coarse_to_fine,3,-8.261978395662641,,,2,SPEAKER_00,3
real,0.0,long_00002_4077-237-2300,s3,coarse_to_fine,3,-18.7868802663506,,,2,SPEAKER_02,3
real_index_order,0.0,long_00002_4077-237-2300,s1,no_recursion,3,-28.34353281153893,,,0,SPEAKER_01,3
real_index_order,0.0,long_00002_4077-237-2300,s2,no_recursion,3,-3.7882086936560295,,,0,SPEAKER_00,3
real_index_order,0.0,long_00002_4077-237-2300,s3,no_recursion,3,-18.88381122087512,,,0,SPEAKER_02,3
real_index_order,0.0,long_00002_4077-237-2300,s1,ungated_deflation,3,-28.34353281153893,0,0,0,SPEAKER_01,3
real_index_order,0.0,long_00002_4077-237-2300,s2,ungated_deflation,3,-5.005479423888093,1,1,0,SPEAKER_00,3
real_index_order,0.0,long_00002_4077-237-2300,s3,ungated_deflation,3,-11.11001170314882,2,2,0,SPEAKER_02,3
real_index_order,0.0,long_00002_4077-237-2300,s1,gated_deflation,3,-28.34353281153893,0,0,0,SPEAKER_01,3
real_index_order,0.0,long_00002_4077-237-2300,s2,gated_deflation,3,-5.005479423888093,1,1,0,SPEAKER_00,3
real_index_order,0.0,long_00002_4077-237-2300,s3,gated_deflation,3,-11.11001170314882,2,2,0,SPEAKER_02,3
real_index_order,0.0,long_00002_4077-237-2300,s1,coarse_to_fine,3,-37.1067897000916,,,2,SPEAKER_01,3
real_index_order,0.0,long_00002_4077-237-2300,s2,coarse_to_fine,3,-8.261978395662641,,,2,SPEAKER_00,3
real_index_order,0.0,long_00002_4077-237-2300,s3,coarse_to_fine,3,-18.7868802663506,,,2,SPEAKER_02,3
