diarization,dilate_ms,scene,speaker,system,m,si_sdr,si_sdr_pooled,level_error_db,deflation_index,n_accepted_before,refine_rounds,cluster,n_clusters
oracle,0.0,long_00000_5639-61-121,s1,no_recursion,3,-18.932007442300712,1.0720169446724197,8.87890537874053,,,0,s1,3
oracle,0.0,long_00000_5639-61-121,s2,no_recursion,3,-13.230134704373672,4.773397566479478,5.152057019570431,,,0,s2,3
oracle,0.0,long_00000_5639-61-121,s3,no_recursion,3,-17.916071627357862,2.224154405713956,6.15427660578365,,,0,s3,3
oracle,0.0,long_00000_5639-61-121,s1,ungated_deflation,3,-18.932007442300712,1.0720169446724197,8.87890537874053,0,0,0,s1,3
oracle,0.0,long_00000_5639-61-121,s2,ungated_deflation,3,-8.921323013663992,3.7780665044408406,9.977014732605253,1,1,0,s2,3
oracle,0.0,long_00000_5639-61-121,s3,ungated_deflation,3,-12.38971807269753,-2.0703192211105286,16.46245005151544,2,2,0,s3,3
oracle,0.0,long_00000_5639-61-121,s1,gated_deflation,3,-18.932007442300712,1.0720169446724197,8.87890537874053,0,0,0,s1,3
oracle,0.0,long_00000_5639-61-121,s2,gated_deflation,3,-8.921323013663992,3.7780665044408406,9.977014732605253,1,1,0,s2,3
oracle,0.0,long_00000_5639-61-121,s3,gated_deflation,3,-12.38971807269753,-2.0703192211105286,16.46245005151544,2,2,0,s3,3
oracle,0.0,long_00000_5639-61-121,s1,coarse_to_fine,3,-18.932007442300712,1.0720169446724197,8.87890537874053,,,0,s1,3
oracle,0.0,long_00000_5639-61-121,s2,coarse_to_fine,3,-13.230134704373672,4.773397566479478,5.152057019570431,,,0,s2,3
oracle,0.0,long_00000_5639-61-121,s3,coarse_to_fine,3,-17.916071627357862,2.224154405713956,6.15427660578365,,,0,s3,3
real,0.0,long_00000_5639-61-121,s1,no_recursion,3,-17.66569132815926,1.4082322104708007,8.450444396929512,,,0,SPEAKER_01,3
real,0.0,long_00000_5639-61-121,s2,no_recursion,3,-22.253016956320444,1.005757512990712,2.1962626844693816,,,0,SPEAKER_02,3
real,0.0,long_00000_5639-61-121,s3,no_recursion,3,-14.195785097857936,3.0066700323355784,8.08044246619374,,,0,SPEAKER_00,3
real,0.0,long_00000_5639-61-121,s1,ungated_deflation,3,-17.66569132815926,1.4082322104708007,8.450444396929512,0,0,0,SPEAKER_01,3
real,0.0,long_00000_5639-61-121,s2,ungated_deflation,3,-12.758407658037882,1.4051851527441461,6.745063481420667,1,1,0,SPEAKER_02,3
real,0.0,long_00000_5639-61-121,s3,ungated_deflation,3,-12.4241237573717,-1.7840113704751395,15.564336164170353,2,2,0,SPEAKER_00,3
real,0.0,long_00000_5639-61-121,s1,gated_deflation,3,-17.66569132815926,1.4082322104708007,8.450444396929512,0,0,0,SPEAKER_01,3
real,0.0,long_00000_5639-61-121,s2,gated_deflation,3,-12.758407658037882,1.4051851527441461,6.745063481420667,1,1,0,SPEAKER_02,3
real,0.0,long_00000_5639-61-121,s3,gated_deflation,3,-12.4241237573717,-1.7840113704751395,15.564336164170353,2,2,0,SPEAKER_00,3
real,0.0,long_00000_5639-61-121,s1,coarse_to_fine,3,-17.66569132815926,1.4082322104708007,8.450444396929512,,,0,SPEAKER_01,3
real,0.0,long_00000_5639-61-121,s2,coarse_to_fine,3,-22.253016956320444,1.005757512990712,2.1962626844693816,,,0,SPEAKER_02,3
real,0.0,long_00000_5639-61-121,s3,coarse_to_fine,3,-14.195785097857936,3.0066700323355784,8.08044246619374,,,0,SPEAKER_00,3
oracle,0.0,long_00001_3729-2300-8230,s1,no_recursion,3,-13.025236254905167,7.692965484154213,11.477379939962496,,,0,s1,3
oracle,0.0,long_00001_3729-2300-8230,s2,no_recursion,3,-3.9544617068110464,7.8471108613147456,10.860770001826614,,,0,s2,3
oracle,0.0,long_00001_3729-2300-8230,s3,no_recursion,3,-21.803081156540255,1.8853302426722176,7.981876558716419,,,0,s3,3
oracle,0.0,long_00001_3729-2300-8230,s1,ungated_deflation,3,-13.025236254905167,7.692965484154213,11.477379939962496,0,0,0,s1,3
oracle,0.0,long_00001_3729-2300-8230,s2,ungated_deflation,3,-4.125262414330359,6.903411643834064,11.188419944112248,1,1,0,s2,3
oracle,0.0,long_00001_3729-2300-8230,s3,ungated_deflation,3,-16.67787891934126,0.3582703440435264,20.676782064387325,2,2,0,s3,3
oracle,0.0,long_00001_3729-2300-8230,s1,gated_deflation,3,-13.025236254905167,7.692965484154213,11.477379939962496,0,0,0,s1,3
oracle,0.0,long_00001_3729-2300-8230,s2,gated_deflation,3,-4.125262414330359,6.903411643834064,11.188419944112248,1,1,0,s2,3
oracle,0.0,long_00001_3729-2300-8230,s3,gated_deflation,3,-16.67787891934126,0.3582703440435264,20.676782064387325,2,2,0,s3,3
oracle,0.0,long_00001_3729-2300-8230,s1,coarse_to_fine,3,-13.025236254905167,7.692965484154213,11.477379939962496,,,0,s1,3
oracle,0.0,long_00001_3729-2300-8230,s2,coarse_to_fine,3,-3.9544617068110464,7.8471108613147456,10.860770001826614,,,0,s2,3
oracle,0.0,long_00001_3729-2300-8230,s3,coarse_to_fine,3,-21.803081156540255,1.8853302426722176,7.981876558716419,,,0,s3,3
real,0.0,long_00001_3729-2300-8230,s1,no_recursion,3,-22.25733768872617,3.0662392500023614,7.962282040045501,,,0,SPEAKER_02,3
real,0.0,long_00001_3729-2300-8230,s2,no_recursion,3,-5.683793327312937,4.703359635664176,9.471295635485465,,,0,SPEAKER_00,3
real,0.0,long_00001_3729-2300-8230,s3,no_recursion,3,-27.359137037299735,-1.6915376515909897,8.66535694252665,,,0,SPEAKER_01,3
real,0.0,long_00001_3729-2300-8230,s1,ungated_deflation,3,-17.28180570303023,-0.6116740375854473,11.745470827040121,1,1,0,SPEAKER_02,3
real,0.0,long_00001_3729-2300-8230,s2,ungated_deflation,3,-5.683793327312937,4.703359635664176,9.471295635485465,0,0,0,SPEAKER_00,3
real,0.0,long_00001_3729-2300-8230,s3,ungated_deflation,3,-18.67447523488312,-2.5374124990628015,21.822743274330797,2,2,0,SPEAKER_01,3
real,0.0,long_00001_3729-2300-8230,s1,gated_deflation,3,-17.28180570303023,-0.6116740375854473,11.745470827040121,1,1,0,SPEAKER_02,3
real,0.0,long_00001_3729-2300-8230,s2,gated_deflation,3,-5.683793327312937,4.703359635664176,9.471295635485465,0,0,0,SPEAKER_00,3
real,0.0,long_00001_3729-2300-8230,s3,gated_deflation,3,-18.67447523488312,-2.5374124990628015,21.822743274330797,2,2,0,SPEAKER_01,3
real,0.0,long_00001_3729-2300-8230,s1,coarse_to_fine,3,-22.25733768872617,3.0662392500023614,7.962282040045501,,,0,SPEAKER_02,3
real,0.0,long_00001_3729-2300-8230,s2,coarse_to_fine,3,-5.683793327312937,4.703359635664176,9.471295635485465,,,0,SPEAKER_00,3
real,0.0,long_00001_3729-2300-8230,s3,coarse_to_fine,3,-27.359137037299735,-1.6915376515909897,8.66535694252665,,,0,SPEAKER_01,3
oracle,0.0,long_00002_4077-237-2300,s1,no_recursion,3,-17.993888147245688,6.0983439337307965,7.456279635138453,,,0,s1,3
oracle,0.0,long_00002_4077-237-2300,s2,no_recursion,3,-2.5320856098107365,4.46667510662777,10.752063536579646,,,0,s2,3
oracle,0.0,long_00002_4077-237-2300,s3,no_recursion,3,-9.172493467616219,11.191401020487508,11.52541891212719,,,0,s3,3
oracle,0.0,long_00002_4077-237-2300,s1,ungated_deflation,3,-17.993888147245688,6.0983439337307965,7.456279635138453,0,0,0,s1,3
oracle,0.0,long_00002_4077-237-2300,s2,ungated_deflation,3,-4.005039146735668,0.8725969686748143,15.535617178738052,1,1,0,s2,3
oracle,0.0,long_00002_4077-237-2300,s3,ungated_deflation,3,-7.374620970134394,6.251925295087137,17.521305565171176,2,2,0,s3,3
oracle,0.0,long_00002_4077-237-2300,s1,gated_deflation,3,-17.993888147245688,6.0983439337307965,7.456279635138453,0,0,0,s1,3
oracle,0.0,long_00002_4077-237-2300,s2,gated_deflation,3,-4.005039146735668,0.8725969686748143,15.535617178738052,1,1,0,s2,3
oracle,0.0,long_00002_4077-237-2300,s3,gated_deflation,3,-7.374620970134394,6.251925295087137,17.521305565171176,2,2,0,s3,3
oracle,0.0,long_00002_4077-237-2300,s1,coarse_to_fine,3,-17.993888147245688,6.0983439337307965,7.456279635138453,,,0,s1,3
oracle,0.0,long_00002_4077-237-2300,s2,coarse_to_fine,3,-2.5320856098107365,4.46667510662777,10.752063536579646,,,0,s2,3
oracle,0.0,long_00002_4077-237-2300,s3,coarse_to_fine,3,-9.172493467616219,11.191401020487508,11.52541891212719,,,0,s3,3
real,0.0,long_00002_4077-237-2300,s1,no_recursion,3,-28.34353281153893,3.619540807775296,5.4547822872269744,,,0,SPEAKER_01,3
real,0.0,long_00002_4077-237-2300,s2,no_recursion,3,-3.7882086936560295,2.683287038121021,9.68006477506051,,,0,SPEAKER_00,3
real,0.0,long_00002_4077-237-2300,s3,no_recursion,3,-18.88381122087512,2.7591209734805595,6.68447502956632,,,0,SPEAKER_02,3
real,0.0,long_00002_4077-237-2300,s1,ungated_deflation,3,-9.005693462731356,4.097451638865362,17.98653382338951,2,2,0,SPEAKER_01,3
real,0.0,long_00002_4077-237-2300,s2,ungated_deflation,3,-4.360506027461458,1.17804986679836,11.537326200659496,1,1,0,SPEAKER_00,3
real,0.0,long_00002_4077-237-2300,s3,ungated_deflation,3,-18.88381122087512,2.7591209734805595,6.68447502956632,0,0,0,SPEAKER_02,3
real,0.0,long_00002_4077-237-2300,s1,gated_deflation,3,-9.005693462731356,4.097451638865362,17.98653382338951,2,2,0,SPEAKER_01,3
real,0.0,long_00002_4077-237-2300,s2,gated_deflation,3,-4.360506027461458,1.17804986679836,11.537326200659496,1,1,0,SPEAKER_00,3
real,0.0,long_00002_4077-237-2300,s3,gated_deflation,3,-18.88381122087512,2.7591209734805595,6.68447502956632,0,0,0,SPEAKER_02,3
real,0.0,long_00002_4077-237-2300,s1,coarse_to_fine,3,-28.34353281153893,3.619540807775296,5.4547822872269744,,,0,SPEAKER_01,3
real,0.0,long_00002_4077-237-2300,s2,coarse_to_fine,3,-3.7882086936560295,2.683287038121021,9.68006477506051,,,0,SPEAKER_00,3
real,0.0,long_00002_4077-237-2300,s3,coarse_to_fine,3,-18.88381122087512,2.7591209734805595,6.68447502956632,,,0,SPEAKER_02,3
oracle,0.0,long_00003_4507-7176-8455,s1,no_recursion,3,-22.283439560828317,8.505410146203229,6.989282106769289,,,0,s1,3
oracle,0.0,long_00003_4507-7176-8455,s2,no_recursion,3,-4.559610727403976,4.4483768015925005,11.789912403038048,,,0,s2,3
oracle,0.0,long_00003_4507-7176-8455,s3,no_recursion,3,-17.875296960723514,5.624980053361794,12.592065650588928,,,0,s3,3
oracle,0.0,long_00003_4507-7176-8455,s1,ungated_deflation,3,-22.283439560828317,8.505410146203229,6.989282106769289,0,0,0,s1,3
oracle,0.0,long_00003_4507-7176-8455,s2,ungated_deflation,3,-4.4426009162134505,4.451512545290741,12.180174415728104,1,1,0,s2,3
oracle,0.0,long_00003_4507-7176-8455,s3,ungated_deflation,3,-11.031410029707578,3.6953892879385055,24.717635494477783,2,2,0,s3,3
oracle,0.0,long_00003_4507-7176-8455,s1,gated_deflation,3,-22.283439560828317,8.505410146203229,6.989282106769289,0,0,0,s1,3
oracle,0.0,long_00003_4507-7176-8455,s2,gated_deflation,3,-4.4426009162134505,4.451512545290741,12.180174415728104,1,1,0,s2,3
oracle,0.0,long_00003_4507-7176-8455,s3,gated_deflation,3,-11.031410029707578,3.6953892879385055,24.717635494477783,2,2,0,s3,3
oracle,0.0,long_00003_4507-7176-8455,s1,coarse_to_fine,3,-22.283439560828317,8.505410146203229,6.989282106769289,,,0,s1,3
oracle,0.0,long_00003_4507-7176-8455,s2,coarse_to_fine,3,-4.559610727403976,4.4483768015925005,11.789912403038048,,,0,s2,3
oracle,0.0,long_00003_4507-7176-8455,s3,coarse_to_fine,3,-17.875296960723514,5.624980053361794,12.592065650588928,,,0,s3,3
real,0.0,long_00003_4507-7176-8455,s1,no_recursion,3,-15.440627618064669,4.264212516793836,1.7593854065407792,,,0,SPEAKER_01,3
real,0.0,long_00003_4507-7176-8455,s2,no_recursion,3,-6.130845743713685,2.47083175814688,10.208967224446344,,,0,SPEAKER_02,3
real,0.0,long_00003_4507-7176-8455,s3,no_recursion,3,-20.17812371849324,3.670811923695125,11.97734336312596,,,0,SPEAKER_00,3
real,0.0,long_00003_4507-7176-8455,s1,ungated_deflation,3,-24.704525239798393,4.424031067859842,6.783570103179773,1,1,0,SPEAKER_01,3
real,0.0,long_00003_4507-7176-8455,s2,ungated_deflation,3,-5.666567061795402,0.15156512249667195,22.806487944426458,2,2,0,SPEAKER_02,3
real,0.0,long_00003_4507-7176-8455,s3,ungated_deflation,3,-20.17812371849324,3.670811923695125,11.97734336312596,0,0,0,SPEAKER_00,3
real,0.0,long_00003_4507-7176-8455,s1,gated_deflation,3,-24.704525239798393,4.424031067859842,6.783570103179773,1,1,0,SPEAKER_01,3
real,0.0,long_00003_4507-7176-8455,s2,gated_deflation,3,-5.666567061795402,0.15156512249667195,22.806487944426458,2,2,0,SPEAKER_02,3
real,0.0,long_00003_4507-7176-8455,s3,gated_deflation,3,-20.17812371849324,3.670811923695125,11.97734336312596,0,0,0,SPEAKER_00,3
real,0.0,long_00003_4507-7176-8455,s1,coarse_to_fine,3,-15.440627618064669,4.264212516793836,1.7593854065407792,,,0,SPEAKER_01,3
real,0.0,long_00003_4507-7176-8455,s2,coarse_to_fine,3,-6.130845743713685,2.47083175814688,10.208967224446344,,,0,SPEAKER_02,3
real,0.0,long_00003_4507-7176-8455,s3,coarse_to_fine,3,-20.17812371849324,3.670811923695125,11.97734336312596,,,0,SPEAKER_00,3
oracle,0.0,long_00004_5639-61-1089,s1,no_recursion,3,-17.516973273330457,0.4927843030661062,9.631616095761624,,,0,s1,3
oracle,0.0,long_00004_5639-61-1089,s2,no_recursion,3,-8.920435301904817,2.9376491537124028,4.734510948881108,,,0,s2,3
oracle,0.0,long_00004_5639-61-1089,s3,no_recursion,3,-22.030594169812986,2.595942622096166,9.262520957685322,,,0,s3,3
oracle,0.0,long_00004_5639-61-1089,s1,ungated_deflation,3,-17.516973273330457,0.4927843030661062,9.631616095761624,0,0,0,s1,3
oracle,0.0,long_00004_5639-61-1089,s2,ungated_deflation,3,-6.790918997814836,2.814993783276865,8.291195104983851,1,1,0,s2,3
oracle,0.0,long_00004_5639-61-1089,s3,ungated_deflation,3,-12.137103689610624,1.4274222921550304,20.038580081656953,2,2,0,s3,3
oracle,0.0,long_00004_5639-61-1089,s1,gated_deflation,3,-17.516973273330457,0.4927843030661062,9.631616095761624,0,0,0,s1,3
oracle,0.0,long_00004_5639-61-1089,s2,gated_deflation,3,-6.790918997814836,2.814993783276865,8.291195104983851,1,1,0,s2,3
oracle,0.0,long_00004_5639-61-1089,s3,gated_deflation,3,-12.137103689610624,1.4274222921550304,20.038580081656953,2,2,0,s3,3
oracle,0.0,long_00004_5639-61-1089,s1,coarse_to_fine,3,-17.516973273330457,0.4927843030661062,9.631616095761624,,,0,s1,3
oracle,0.0,long_00004_5639-61-1089,s2,coarse_to_fine,3,-8.920435301904817,2.9376491537124028,4.734510948881108,,,0,s2,3
oracle,0.0,long_00004_5639-61-1089,s3,coarse_to_fine,3,-22.030594169812986,2.595942622096166,9.262520957685322,,,0,s3,3
real,0.0,long_00004_5639-61-1089,s1,no_recursion,3,-12.658259968688544,-1.2759425573309353,5.8098440187699305,,,0,SPEAKER_00,3
real,0.0,long_00004_5639-61-1089,s2,no_recursion,3,-13.517712735462059,-1.5008745786124809,2.4909758915084774,,,0,SPEAKER_02,3
real,0.0,long_00004_5639-61-1089,s3,no_recursion,3,-40.33481816140121,-0.48840115903299397,6.492782258306738,,,0,SPEAKER_01,3
real,0.0,long_00004_5639-61-1089,s1,ungated_deflation,3,-12.658259968688544,-1.2759425573309353,5.8098440187699305,0,0,0,SPEAKER_00,3
real,0.0,long_00004_5639-61-1089,s2,ungated_deflation,3,-7.409535245429132,-0.6336045512941482,13.613205260221271,2,2,0,SPEAKER_02,3
real,0.0,long_00004_5639-61-1089,s3,ungated_deflation,3,-36.32082352975352,-0.39199457573717034,6.307610804110456,1,1,0,SPEAKER_01,3
real,0.0,long_00004_5639-61-1089,s1,gated_deflation,3,-12.658259968688544,-1.2759425573309353,5.8098440187699305,0,0,0,SPEAKER_00,3
real,0.0,long_00004_5639-61-1089,s2,gated_deflation,3,-7.409535245429132,-0.6336045512941482,13.613205260221271,2,2,0,SPEAKER_02,3
real,0.0,long_00004_5639-61-1089,s3,gated_deflation,3,-36.32082352975352,-0.39199457573717034,6.307610804110456,1,1,0,SPEAKER_01,3
real,0.0,long_00004_5639-61-1089,s1,coarse_to_fine,3,-12.658259968688544,-1.2759425573309353,5.8098440187699305,,,0,SPEAKER_00,3
real,0.0,long_00004_5639-61-1089,s2,coarse_to_fine,3,-13.517712735462059,-1.5008745786124809,2.4909758915084774,,,0,SPEAKER_02,3
real,0.0,long_00004_5639-61-1089,s3,coarse_to_fine,3,-40.33481816140121,-0.48840115903299397,6.492782258306738,,,0,SPEAKER_01,3
oracle,0.0,long_00005_3570-908-4507,s1,no_recursion,3,-32.27549190009789,10.549302427444003,9.547278892188357,,,0,s1,3
oracle,0.0,long_00005_3570-908-4507,s2,no_recursion,3,-17.425371406913563,6.0124117133135275,5.516102624395499,,,0,s2,3
oracle,0.0,long_00005_3570-908-4507,s3,no_recursion,3,-9.281523329304338,10.331017448861466,11.00211493379087,,,0,s3,3
oracle,0.0,long_00005_3570-908-4507,s1,ungated_deflation,3,-32.27549190009789,10.549302427444003,9.547278892188357,0,0,0,s1,3
oracle,0.0,long_00005_3570-908-4507,s2,ungated_deflation,3,-10.37125958894184,5.306709019970677,10.49909183214191,1,1,0,s2,3
oracle,0.0,long_00005_3570-908-4507,s3,ungated_deflation,3,-8.220332035441947,4.451779914041867,16.576287799594482,2,2,0,s3,3
oracle,0.0,long_00005_3570-908-4507,s1,gated_deflation,3,-32.27549190009789,10.549302427444003,9.547278892188357,0,0,0,s1,3
oracle,0.0,long_00005_3570-908-4507,s2,gated_deflation,3,-10.37125958894184,5.306709019970677,10.49909183214191,1,1,0,s2,3
oracle,0.0,long_00005_3570-908-4507,s3,gated_deflation,3,-8.220332035441947,4.451779914041867,16.576287799594482,2,2,0,s3,3
oracle,0.0,long_00005_3570-908-4507,s1,coarse_to_fine,3,-32.27549190009789,10.549302427444003,9.547278892188357,,,0,s1,3
oracle,0.0,long_00005_3570-908-4507,s2,coarse_to_fine,3,-17.425371406913563,6.0124117133135275,5.516102624395499,,,0,s2,3
oracle,0.0,long_00005_3570-908-4507,s3,coarse_to_fine,3,-9.281523329304338,10.331017448861466,11.00211493379087,,,0,s3,3
real,0.0,long_00005_3570-908-4507,s1,no_recursion,3,-20.23112930890175,6.735706751773069,7.757306278849084,,,0,SPEAKER_01,3
real,0.0,long_00005_3570-908-4507,s3,no_recursion,3,-15.941837543092612,3.220364914333116,7.479550239189182,,,0,SPEAKER_02,3
real,0.0,long_00005_3570-908-4507,s2,no_recursion,3,-23.03778765966275,1.2528173064870423,0.9211481324736953,,,0,SPEAKER_00,3
real,0.0,long_00005_3570-908-4507,s1,ungated_deflation,3,-14.696289200869163,6.492858164885141,16.587691205236617,2,2,0,SPEAKER_01,3
real,0.0,long_00005_3570-908-4507,s3,ungated_deflation,3,-20.620090800392287,-1.079761764882143,6.449799920043505,1,1,0,SPEAKER_02,3
real,0.0,long_00005_3570-908-4507,s2,ungated_deflation,3,-23.03778765966275,1.2528173064870423,0.9211481324736953,0,0,0,SPEAKER_00,3
real,0.0,long_00005_3570-908-4507,s1,gated_deflation,3,-14.696289200869163,6.492858164885141,16.587691205236617,2,2,0,SPEAKER_01,3
real,0.0,long_00005_3570-908-4507,s3,gated_deflation,3,-20.620090800392287,-1.079761764882143,6.449799920043505,1,1,0,SPEAKER_02,3
real,0.0,long_00005_3570-908-4507,s2,gated_deflation,3,-23.03778765966275,1.2528173064870423,0.9211481324736953,0,0,0,SPEAKER_00,3
real,0.0,long_00005_3570-908-4507,s1,coarse_to_fine,3,-20.23112930890175,6.735706751773069,7.757306278849084,,,0,SPEAKER_01,3
real,0.0,long_00005_3570-908-4507,s3,coarse_to_fine,3,-15.941837543092612,3.220364914333116,7.479550239189182,,,0,SPEAKER_02,3
real,0.0,long_00005_3570-908-4507,s2,coarse_to_fine,3,-23.03778765966275,1.2528173064870423,0.9211481324736953,,,0,SPEAKER_00,3
oracle,0.0,long_00006_1089-8230-7176,s1,no_recursion,3,-39.49083901006387,4.9976060506599245,10.460105661412252,,,0,s1,3
oracle,0.0,long_00006_1089-8230-7176,s2,no_recursion,3,-6.023697817516487,2.583864141256015,10.140361468002146,,,0,s2,3
oracle,0.0,long_00006_1089-8230-7176,s3,no_recursion,3,-19.81761176070159,6.200073032663487,6.979007374535433,,,0,s3,3
oracle,0.0,long_00006_1089-8230-7176,s1,ungated_deflation,3,-39.49083901006387,4.9976060506599245,10.460105661412252,0,0,0,s1,3
oracle,0.0,long_00006_1089-8230-7176,s2,ungated_deflation,3,-6.432238127921009,-0.4791456288594325,18.87084392005686,1,1,0,s2,3
oracle,0.0,long_00006_1089-8230-7176,s3,ungated_deflation,3,-13.417804516828353,3.6413330106162927,19.488411184436842,2,2,0,s3,3
oracle,0.0,long_00006_1089-8230-7176,s1,gated_deflation,3,-39.49083901006387,4.9976060506599245,10.460105661412252,0,0,0,s1,3
oracle,0.0,long_00006_1089-8230-7176,s2,gated_deflation,3,-6.432238127921009,-0.4791456288594325,18.87084392005686,1,1,0,s2,3
oracle,0.0,long_00006_1089-8230-7176,s3,gated_deflation,3,-13.417804516828353,3.6413330106162927,19.488411184436842,2,2,0,s3,3
oracle,0.0,long_00006_1089-8230-7176,s1,coarse_to_fine,3,-39.49083901006387,4.9976060506599245,10.460105661412252,,,0,s1,3
oracle,0.0,long_00006_1089-8230-7176,s2,coarse_to_fine,3,-6.023697817516487,2.583864141256015,10.140361468002146,,,0,s2,3
oracle,0.0,long_00006_1089-8230-7176,s3,coarse_to_fine,3,-19.81761176070159,6.200073032663487,6.979007374535433,,,0,s3,3
real,0.0,long_00006_1089-8230-7176,s1,no_recursion,3,-26.038776266024797,2.468408576065593,8.561465741954306,,,0,SPEAKER_02,3
real,0.0,long_00006_1089-8230-7176,s2,no_recursion,3,-7.778373404064328,1.1718747642846858,7.8582311955365824,,,0,SPEAKER_01,3
real,0.0,long_00006_1089-8230-7176,s3,no_recursion,3,-15.641367374155601,3.772191969777311,5.2710114321202255,,,0,SPEAKER_00,3
real,0.0,long_00006_1089-8230-7176,s1,ungated_deflation,3,-17.03919355336691,0.45720436036064965,18.759602574487232,2,2,0,SPEAKER_02,3
real,0.0,long_00006_1089-8230-7176,s2,ungated_deflation,3,-8.897360085374096,-2.8509790128426626,14.768173869974765,1,1,0,SPEAKER_01,3
real,0.0,long_00006_1089-8230-7176,s3,ungated_deflation,3,-15.641367374155601,3.772191969777311,5.2710114321202255,0,0,0,SPEAKER_00,3
real,0.0,long_00006_1089-8230-7176,s1,gated_deflation,3,-23.38678251027988,1.5332347669505995,7.911474292541599,2,1,0,SPEAKER_02,3
real,0.0,long_00006_1089-8230-7176,s2,gated_deflation,3,-8.897360085374096,-2.8509790128426626,14.768173869974765,1,1,0,SPEAKER_01,3
real,0.0,long_00006_1089-8230-7176,s3,gated_deflation,3,-15.641367374155601,3.772191969777311,5.2710114321202255,0,0,0,SPEAKER_00,3
real,0.0,long_00006_1089-8230-7176,s1,coarse_to_fine,3,-26.038776266024797,2.468408576065593,8.561465741954306,,,0,SPEAKER_02,3
real,0.0,long_00006_1089-8230-7176,s2,coarse_to_fine,3,-7.778373404064328,1.1718747642846858,7.8582311955365824,,,0,SPEAKER_01,3
real,0.0,long_00006_1089-8230-7176,s3,coarse_to_fine,3,-15.641367374155601,3.772191969777311,5.2710114321202255,,,0,SPEAKER_00,3
oracle,0.0,long_00007_1188-4077-121,s1,no_recursion,3,-16.127113070645333,6.009881322022785,11.137612011014685,,,0,s1,3
oracle,0.0,long_00007_1188-4077-121,s2,no_recursion,3,-10.718988006628551,3.3293085387598707,6.508320498878357,,,0,s2,3
oracle,0.0,long_00007_1188-4077-121,s3,no_recursion,3,-20.599071276191747,0.002427057779307694,8.349349621224674,,,0,s3,3
oracle,0.0,long_00007_1188-4077-121,s1,ungated_deflation,3,-16.127113070645333,6.009881322022785,11.137612011014685,0,0,0,s1,3
oracle,0.0,long_00007_1188-4077-121,s2,ungated_deflation,3,-7.8516480004841505,1.2588642916696837,14.212766834387317,1,1,0,s2,3
oracle,0.0,long_00007_1188-4077-121,s3,ungated_deflation,3,-13.896199300614446,-2.4579130316687747,19.37966035994245,2,2,0,s3,3
oracle,0.0,long_00007_1188-4077-121,s1,gated_deflation,3,-16.127113070645333,6.009881322022785,11.137612011014685,0,0,0,s1,3
oracle,0.0,long_00007_1188-4077-121,s2,gated_deflation,3,-7.8516480004841505,1.2588642916696837,14.212766834387317,1,1,0,s2,3
oracle,0.0,long_00007_1188-4077-121,s3,gated_deflation,3,-13.896199300614446,-2.4579130316687747,19.37966035994245,2,2,0,s3,3
oracle,0.0,long_00007_1188-4077-121,s1,coarse_to_fine,3,-16.127113070645333,6.009881322022785,11.137612011014685,,,0,s1,3
oracle,0.0,long_00007_1188-4077-121,s2,coarse_to_fine,3,-10.718988006628551,3.3293085387598707,6.508320498878357,,,0,s2,3
oracle,0.0,long_00007_1188-4077-121,s3,coarse_to_fine,3,-20.599071276191747,0.002427057779307694,8.349349621224674,,,0,s3,3
real,0.0,long_00007_1188-4077-121,s1,no_recursion,3,-17.8990459111794,4.509311505484145,10.548665948262828,,,0,SPEAKER_00,3
real,0.0,long_00007_1188-4077-121,s2,no_recursion,3,-9.29401810421933,2.53941644363886,8.877373856402645,,,0,SPEAKER_01,3
real,0.0,long_00007_1188-4077-121,s3,no_recursion,3,-19.119092460680072,-0.022702422941676716,9.092742038810234,,,0,SPEAKER_02,3
real,0.0,long_00007_1188-4077-121,s1,ungated_deflation,3,-17.8990459111794,4.509311505484145,10.548665948262828,0,0,0,SPEAKER_00,3
real,0.0,long_00007_1188-4077-121,s2,ungated_deflation,3,-5.351550452098529,3.083951848694617,21.450433585356926,2,2,0,SPEAKER_01,3
real,0.0,long_00007_1188-4077-121,s3,ungated_deflation,3,-24.21089262478017,-2.4056190786122813,7.649638862851714,1,1,0,SPEAKER_02,3
real,0.0,long_00007_1188-4077-121,s1,gated_deflation,3,-17.8990459111794,4.509311505484145,10.548665948262828,0,0,0,SPEAKER_00,3
real,0.0,long_00007_1188-4077-121,s2,gated_deflation,3,-5.351550452098529,3.083951848694617,21.450433585356926,2,2,0,SPEAKER_01,3
real,0.0,long_00007_1188-4077-121,s3,gated_deflation,3,-24.21089262478017,-2.4056190786122813,7.649638862851714,1,1,0,SPEAKER_02,3
real,0.0,long_00007_1188-4077-121,s1,coarse_to_fine,3,-17.8990459111794,4.509311505484145,10.548665948262828,,,0,SPEAKER_00,3
real,0.0,long_00007_1188-4077-121,s2,coarse_to_fine,3,-9.29401810421933,2.53941644363886,8.877373856402645,,,0,SPEAKER_01,3
real,0.0,long_00007_1188-4077-121,s3,coarse_to_fine,3,-19.119092460680072,-0.022702422941676716,9.092742038810234,,,0,SPEAKER_02,3
oracle,0.0,long_00008_672-5639-121,s1,no_recursion,3,-24.868628634713943,8.632514221414077,7.884763544619441,,,0,s1,3
oracle,0.0,long_00008_672-5639-121,s2,no_recursion,3,-5.541007274214764,0.4994260314755699,9.987673673377191,,,0,s2,3
oracle,0.0,long_00008_672-5639-121,s3,no_recursion,3,-18.715524830806977,6.553134131981918,8.573357897888268,,,0,s3,3
oracle,0.0,long_00008_672-5639-121,s1,ungated_deflation,3,-24.868628634713943,8.632514221414077,7.884763544619441,0,0,0,s1,3
oracle,0.0,long_00008_672-5639-121,s2,ungated_deflation,3,-5.069559323658499,-0.03787128687936346,15.104589366948238,1,1,0,s2,3
oracle,0.0,long_00008_672-5639-121,s3,ungated_deflation,3,-8.45531791300717,5.163568063512528,21.640974580353742,2,2,0,s3,3
oracle,0.0,long_00008_672-5639-121,s1,gated_deflation,3,-24.868628634713943,8.632514221414077,7.884763544619441,0,0,0,s1,3
oracle,0.0,long_00008_672-5639-121,s2,gated_deflation,3,-5.069559323658499,-0.03787128687936346,15.104589366948238,1,1,0,s2,3
oracle,0.0,long_00008_672-5639-121,s3,gated_deflation,3,-8.45531791300717,5.163568063512528,21.640974580353742,2,2,0,s3,3
oracle,0.0,long_00008_672-5639-121,s1,coarse_to_fine,3,-24.868628634713943,8.632514221414077,7.884763544619441,,,0,s1,3
oracle,0.0,long_00008_672-5639-121,s2,coarse_to_fine,3,-5.541007274214764,0.4994260314755699,9.987673673377191,,,0,s2,3
oracle,0.0,long_00008_672-5639-121,s3,coarse_to_fine,3,-18.715524830806977,6.553134131981918,8.573357897888268,,,0,s3,3
real,0.0,long_00008_672-5639-121,s1,no_recursion,3,-18.074667710040025,2.785595228557682,5.913487242675962,,,0,SPEAKER_02,3
real,0.0,long_00008_672-5639-121,s2,no_recursion,3,-7.35359985634653,-1.7403204698574042,7.889851781039824,,,0,SPEAKER_01,3
real,0.0,long_00008_672-5639-121,s3,no_recursion,3,-20.213449336734794,3.1995229707609587,8.560309297429473,,,0,SPEAKER_00,3
real,0.0,long_00008_672-5639-121,s1,ungated_deflation,3,-11.971389130812717,3.4299287038583848,20.867436727126908,2,2,0,SPEAKER_02,3
real,0.0,long_00008_672-5639-121,s2,ungated_deflation,3,-6.814982126416794,-2.8322063752995157,16.70565858098425,1,1,0,SPEAKER_01,3
real,0.0,long_00008_672-5639-121,s3,ungated_deflation,3,-20.213449336734794,3.1995229707609587,8.560309297429473,0,0,0,SPEAKER_00,3
real,0.0,long_00008_672-5639-121,s1,gated_deflation,3,-11.971389130812717,3.4299287038583848,20.867436727126908,2,2,0,SPEAKER_02,3
real,0.0,long_00008_672-5639-121,s2,gated_deflation,3,-6.814982126416794,-2.8322063752995157,16.70565858098425,1,1,0,SPEAKER_01,3
real,0.0,long_00008_672-5639-121,s3,gated_deflation,3,-20.213449336734794,3.1995229707609587,8.560309297429473,0,0,0,SPEAKER_00,3
real,0.0,long_00008_672-5639-121,s1,coarse_to_fine,3,-18.074667710040025,2.785595228557682,5.913487242675962,,,0,SPEAKER_02,3
real,0.0,long_00008_672-5639-121,s2,coarse_to_fine,3,-7.35359985634653,-1.7403204698574042,7.889851781039824,,,0,SPEAKER_01,3
real,0.0,long_00008_672-5639-121,s3,coarse_to_fine,3,-20.213449336734794,3.1995229707609587,8.560309297429473,,,0,SPEAKER_00,3
oracle,0.0,long_00009_4992-5105-1580,s1,no_recursion,3,-19.51004255951083,9.676341961063965,8.703798118091976,,,0,s1,3
oracle,0.0,long_00009_4992-5105-1580,s2,no_recursion,3,-10.063576699227038,5.5797868334411715,8.809986519079468,,,0,s2,3
oracle,0.0,long_00009_4992-5105-1580,s3,no_recursion,3,-32.07123073693285,4.2871349355757795,5.380654705452907,,,0,s3,3
oracle,0.0,long_00009_4992-5105-1580,s1,ungated_deflation,3,-19.51004255951083,9.676341961063965,8.703798118091976,0,0,0,s1,3
oracle,0.0,long_00009_4992-5105-1580,s2,ungated_deflation,3,-8.29780714697998,4.7123069566217595,11.925819781575456,1,1,0,s2,3
oracle,0.0,long_00009_4992-5105-1580,s3,ungated_deflation,3,-7.566072641580081,6.119294490504412,20.138048843746613,2,2,0,s3,3
oracle,0.0,long_00009_4992-5105-1580,s1,gated_deflation,3,-19.51004255951083,9.676341961063965,8.703798118091976,0,0,0,s1,3
oracle,0.0,long_00009_4992-5105-1580,s2,gated_deflation,3,-8.29780714697998,4.7123069566217595,11.925819781575456,1,1,0,s2,3
oracle,0.0,long_00009_4992-5105-1580,s3,gated_deflation,3,-7.566072641580081,6.119294490504412,20.138048843746613,2,2,0,s3,3
oracle,0.0,long_00009_4992-5105-1580,s1,coarse_to_fine,3,-19.51004255951083,9.676341961063965,8.703798118091976,,,0,s1,3
oracle,0.0,long_00009_4992-5105-1580,s2,coarse_to_fine,3,-10.063576699227038,5.5797868334411715,8.809986519079468,,,0,s2,3
oracle,0.0,long_00009_4992-5105-1580,s3,coarse_to_fine,3,-32.07123073693285,4.2871349355757795,5.380654705452907,,,0,s3,3
real,0.0,long_00009_4992-5105-1580,s1,no_recursion,3,-18.145478059829074,5.512448498120182,3.7227615735126363,,,0,SPEAKER_02,3
real,0.0,long_00009_4992-5105-1580,s2,no_recursion,3,-12.432674258599059,3.6996971648999577,7.244312240002444,,,0,SPEAKER_00,3
real,0.0,long_00009_4992-5105-1580,s3,no_recursion,3,-25.26493544167126,1.506554503768982,3.399836185991016,,,0,SPEAKER_01,3
real,0.0,long_00009_4992-5105-1580,s1,ungated_deflation,3,-23.35762318017948,5.386936639739828,8.075002058892057,1,1,0,SPEAKER_02,3
real,0.0,long_00009_4992-5105-1580,s2,ungated_deflation,3,-12.432674258599059,3.6996971648999577,7.244312240002444,0,0,0,SPEAKER_00,3
real,0.0,long_00009_4992-5105-1580,s3,ungated_deflation,3,-9.964912216318101,3.5676402076221,16.803557510951933,2,2,0,SPEAKER_01,3
real,0.0,long_00009_4992-5105-1580,s1,gated_deflation,3,-23.35762318017948,5.386936639739828,8.075002058892057,1,1,0,SPEAKER_02,3
real,0.0,long_00009_4992-5105-1580,s2,gated_deflation,3,-12.432674258599059,3.6996971648999577,7.244312240002444,0,0,0,SPEAKER_00,3
real,0.0,long_00009_4992-5105-1580,s3,gated_deflation,3,-9.964912216318101,3.5676402076221,16.803557510951933,2,2,0,SPEAKER_01,3
real,0.0,long_00009_4992-5105-1580,s1,coarse_to_fine,3,-18.145478059829074,5.512448498120182,3.7227615735126363,,,0,SPEAKER_02,3
real,0.0,long_00009_4992-5105-1580,s2,coarse_to_fine,3,-12.432674258599059,3.6996971648999577,7.244312240002444,,,0,SPEAKER_00,3
real,0.0,long_00009_4992-5105-1580,s3,coarse_to_fine,3,-25.26493544167126,1.506554503768982,3.399836185991016,,,0,SPEAKER_01,3
oracle,0.0,long_00010_2300-1089-8463,s1,no_recursion,3,-17.380502053679542,8.744998427594217,11.862615459535835,,,0,s1,3
oracle,0.0,long_00010_2300-1089-8463,s2,no_recursion,3,-6.766643988624063,2.2908164979629966,11.81191769207386,,,0,s2,3
oracle,0.0,long_00010_2300-1089-8463,s3,no_recursion,3,-18.792649533147046,7.114457691119335,9.997410877956781,,,0,s3,3
oracle,0.0,long_00010_2300-1089-8463,s1,ungated_deflation,3,-17.380502053679542,8.744998427594217,11.862615459535835,0,0,0,s1,3
oracle,0.0,long_00010_2300-1089-8463,s2,ungated_deflation,3,-7.772902019463421,-1.2018705773373426,19.61052515288657,1,1,0,s2,3
oracle,0.0,long_00010_2300-1089-8463,s3,ungated_deflation,3,-11.252623510379674,2.735113886949584,20.822071892821565,2,2,0,s3,3
oracle,0.0,long_00010_2300-1089-8463,s1,gated_deflation,3,-17.380502053679542,8.744998427594217,11.862615459535835,0,0,0,s1,3
oracle,0.0,long_00010_2300-1089-8463,s2,gated_deflation,3,-7.772902019463421,-1.2018705773373426,19.61052515288657,1,1,0,s2,3
oracle,0.0,long_00010_2300-1089-8463,s3,gated_deflation,3,-11.252623510379674,2.735113886949584,20.822071892821565,2,2,0,s3,3
oracle,0.0,long_00010_2300-1089-8463,s1,coarse_to_fine,3,-17.380502053679542,8.744998427594217,11.862615459535835,,,0,s1,3
oracle,0.0,long_00010_2300-1089-8463,s2,coarse_to_fine,3,-6.766643988624063,2.2908164979629966,11.81191769207386,,,0,s2,3
oracle,0.0,long_00010_2300-1089-8463,s3,coarse_to_fine,3,-18.792649533147046,7.114457691119335,9.997410877956781,,,0,s3,3
real,0.0,long_00010_2300-1089-8463,s1,no_recursion,3,-17.252912842110973,9.173436867144861,11.862854003604344,,,0,SPEAKER_02,3
real,0.0,long_00010_2300-1089-8463,s2,no_recursion,3,-11.394279577731485,-2.403444434521336,8.401127576978617,,,0,SPEAKER_01,3
real,0.0,long_00010_2300-1089-8463,s3,no_recursion,3,-52.65613544622305,2.1745483491393562,7.0551389425560505,,,0,SPEAKER_00,3
real,0.0,long_00010_2300-1089-8463,s1,ungated_deflation,3,-17.252912842110973,9.173436867144861,11.862854003604344,0,0,0,SPEAKER_02,3
real,0.0,long_00010_2300-1089-8463,s2,ungated_deflation,3,-8.869834434495454,-2.7812251795156073,22.307818103781628,2,2,0,SPEAKER_01,3
real,0.0,long_00010_2300-1089-8463,s3,ungated_deflation,3,-38.00886335410079,0.5647207459823198,6.7199649519599856,1,1,0,SPEAKER_00,3
real,0.0,long_00010_2300-1089-8463,s1,gated_deflation,3,-17.252912842110973,9.173436867144861,11.862854003604344,0,0,0,SPEAKER_02,3
real,0.0,long_00010_2300-1089-8463,s2,gated_deflation,3,-8.869834434495454,-2.7812251795156073,22.307818103781628,2,2,0,SPEAKER_01,3
real,0.0,long_00010_2300-1089-8463,s3,gated_deflation,3,-38.00886335410079,0.5647207459823198,6.7199649519599856,1,1,0,SPEAKER_00,3
real,0.0,long_00010_2300-1089-8463,s1,coarse_to_fine,3,-17.252912842110973,9.173436867144861,11.862854003604344,,,0,SPEAKER_02,3
real,0.0,long_00010_2300-1089-8463,s2,coarse_to_fine,3,-11.394279577731485,-2.403444434521336,8.401127576978617,,,0,SPEAKER_01,3
real,0.0,long_00010_2300-1089-8463,s3,coarse_to_fine,3,-52.65613544622305,2.1745483491393562,7.0551389425560505,,,0,SPEAKER_00,3
oracle,0.0,long_00011_5683-7176-4507,s1,no_recursion,3,-24.01401134324341,4.616329743682774,4.98052025450073,,,0,s1,3
oracle,0.0,long_00011_5683-7176-4507,s2,no_recursion,3,-6.704663900495335,5.767666741204679,6.043742559198055,,,0,s2,3
oracle,0.0,long_00011_5683-7176-4507,s3,no_recursion,3,-16.534380506086862,6.972353227838019,6.981588409414638,,,0,s3,3
oracle,0.0,long_00011_5683-7176-4507,s1,ungated_deflation,3,-24.01401134324341,4.616329743682774,4.98052025450073,0,0,0,s1,3
oracle,0.0,long_00011_5683-7176-4507,s2,ungated_deflation,3,-6.033168334094676,3.0973410249407025,9.50243693453895,1,1,0,s2,3
oracle,0.0,long_00011_5683-7176-4507,s3,ungated_deflation,3,-32.987893661124545,4.106440075941507,11.156126211913186,2,2,0,s3,3
oracle,0.0,long_00011_5683-7176-4507,s1,gated_deflation,3,-24.01401134324341,4.616329743682774,4.98052025450073,0,0,0,s1,3
oracle,0.0,long_00011_5683-7176-4507,s2,gated_deflation,3,-6.033168334094676,3.0973410249407025,9.50243693453895,1,1,0,s2,3
oracle,0.0,long_00011_5683-7176-4507,s3,gated_deflation,3,-32.987893661124545,4.106440075941507,11.156126211913186,2,2,0,s3,3
oracle,0.0,long_00011_5683-7176-4507,s1,coarse_to_fine,3,-24.01401134324341,4.616329743682774,4.98052025450073,,,0,s1,3
oracle,0.0,long_00011_5683-7176-4507,s2,coarse_to_fine,3,-6.704663900495335,5.767666741204679,6.043742559198055,,,0,s2,3
oracle,0.0,long_00011_5683-7176-4507,s3,coarse_to_fine,3,-16.534380506086862,6.972353227838019,6.981588409414638,,,0,s3,3
real,0.0,long_00011_5683-7176-4507,s1,no_recursion,3,-26.83426333658852,2.1903774757076775,2.4686122029132367,,,0,SPEAKER_00,3
real,0.0,long_00011_5683-7176-4507,s2,no_recursion,3,-8.589677603619544,2.2131663506224166,5.4911828492062735,,,0,SPEAKER_01,3
real,0.0,long_00011_5683-7176-4507,s3,no_recursion,3,-15.6289287476941,6.93018805939722,6.644780180927807,,,0,SPEAKER_02,3
real,0.0,long_00011_5683-7176-4507,s1,ungated_deflation,3,-16.864945188118767,4.886746761595054,6.982115392427769,1,1,0,SPEAKER_00,3
real,0.0,long_00011_5683-7176-4507,s2,ungated_deflation,3,-7.988074734940314,0.5455493862200923,8.445839823916318,2,2,0,SPEAKER_01,3
real,0.0,long_00011_5683-7176-4507,s3,ungated_deflation,3,-15.6289287476941,6.93018805939722,6.644780180927807,0,0,0,SPEAKER_02,3
real,0.0,long_00011_5683-7176-4507,s1,gated_deflation,3,-16.864945188118767,4.886746761595054,6.982115392427769,1,1,0,SPEAKER_00,3
real,0.0,long_00011_5683-7176-4507,s2,gated_deflation,3,-7.988074734940314,0.5455493862200923,8.445839823916318,2,2,0,SPEAKER_01,3
real,0.0,long_00011_5683-7176-4507,s3,gated_deflation,3,-15.6289287476941,6.93018805939722,6.644780180927807,0,0,0,SPEAKER_02,3
real,0.0,long_00011_5683-7176-4507,s1,coarse_to_fine,3,-26.83426333658852,2.1903774757076775,2.4686122029132367,,,0,SPEAKER_00,3
real,0.0,long_00011_5683-7176-4507,s2,coarse_to_fine,3,-8.589677603619544,2.2131663506224166,5.4911828492062735,,,0,SPEAKER_01,3
real,0.0,long_00011_5683-7176-4507,s3,coarse_to_fine,3,-15.6289287476941,6.93018805939722,6.644780180927807,,,0,SPEAKER_02,3
oracle,0.0,long_00012_1284-2300-3570,s1,no_recursion,3,-17.901484713483708,-0.46106500682512047,6.590434660511905,,,0,s1,3
oracle,0.0,long_00012_1284-2300-3570,s2,no_recursion,3,-4.934805218197294,5.940250871611042,11.00726288443999,,,0,s2,3
oracle,0.0,long_00012_1284-2300-3570,s3,no_recursion,3,-20.154576103703967,3.678830169121752,9.782110614101935,,,0,s3,3
oracle,0.0,long_00012_1284-2300-3570,s1,ungated_deflation,3,-17.901484713483708,-0.46106500682512047,6.590434660511905,0,0,0,s1,3
oracle,0.0,long_00012_1284-2300-3570,s2,ungated_deflation,3,-5.202086969566605,2.622442050401787,16.28202171686933,1,1,0,s2,3
oracle,0.0,long_00012_1284-2300-3570,s3,ungated_deflation,3,-11.966414804258035,1.2646111768526291,21.311058158215946,2,2,0,s3,3
oracle,0.0,long_00012_1284-2300-3570,s1,gated_deflation,3,-17.901484713483708,-0.46106500682512047,6.590434660511905,0,0,0,s1,3
oracle,0.0,long_00012_1284-2300-3570,s2,gated_deflation,3,-5.202086969566605,2.622442050401787,16.28202171686933,1,1,0,s2,3
oracle,0.0,long_00012_1284-2300-3570,s3,gated_deflation,3,-11.966414804258035,1.2646111768526291,21.311058158215946,2,2,0,s3,3
oracle,0.0,long_00012_1284-2300-3570,s1,coarse_to_fine,3,-17.901484713483708,-0.46106500682512047,6.590434660511905,,,0,s1,3
oracle,0.0,long_00012_1284-2300-3570,s2,coarse_to_fine,3,-4.934805218197294,5.940250871611042,11.00726288443999,,,0,s2,3
oracle,0.0,long_00012_1284-2300-3570,s3,coarse_to_fine,3,-20.154576103703967,3.678830169121752,9.782110614101935,,,0,s3,3
real,0.0,long_00012_1284-2300-3570,s1,no_recursion,3,-15.401259637720074,-0.09194089857231845,5.540765037141133,,,0,SPEAKER_00,3
real,0.0,long_00012_1284-2300-3570,s2,no_recursion,3,-5.76086000071519,5.503009755840765,9.496984763426674,,,0,SPEAKER_02,3
real,0.0,long_00012_1284-2300-3570,s3,no_recursion,3,-38.13598026585508,1.9615187601502115,6.537399320151415,,,0,SPEAKER_01,3
real,0.0,long_00012_1284-2300-3570,s1,ungated_deflation,3,-15.401259637720074,-0.09194089857231845,5.540765037141133,0,0,0,SPEAKER_00,3
real,0.0,long_00012_1284-2300-3570,s2,ungated_deflation,3,-5.510601444359137,2.620788514398144,14.70582773347903,1,1,0,SPEAKER_02,3
real,0.0,long_00012_1284-2300-3570,s3,ungated_deflation,3,-15.018942251456693,-1.5567812540748687,18.67987798460805,2,2,0,SPEAKER_01,3
real,0.0,long_00012_1284-2300-3570,s1,gated_deflation,3,-15.401259637720074,-0.09194089857231845,5.540765037141133,0,0,0,SPEAKER_00,3
real,0.0,long_00012_1284-2300-3570,s2,gated_deflation,3,-5.510601444359137,2.620788514398144,14.70582773347903,1,1,0,SPEAKER_02,3
real,0.0,long_00012_1284-2300-3570,s3,gated_deflation,3,-15.018942251456693,-1.5567812540748687,18.67987798460805,2,2,0,SPEAKER_01,3
real,0.0,long_00012_1284-2300-3570,s1,coarse_to_fine,3,-15.401259637720074,-0.09194089857231845,5.540765037141133,,,0,SPEAKER_00,3
real,0.0,long_00012_1284-2300-3570,s2,coarse_to_fine,3,-5.76086000071519,5.503009755840765,9.496984763426674,,,0,SPEAKER_02,3
real,0.0,long_00012_1284-2300-3570,s3,coarse_to_fine,3,-38.13598026585508,1.9615187601502115,6.537399320151415,,,0,SPEAKER_01,3
oracle,0.0,long_00013_4970-121-1320,s1,no_recursion,3,-29.84097715598423,6.455391919356565,9.655773641062456,,,0,s1,3
oracle,0.0,long_00013_4970-121-1320,s2,no_recursion,3,-8.116178182615577,0.626082913327356,7.970492213422428,,,0,s2,3
oracle,0.0,long_00013_4970-121-1320,s3,no_recursion,3,-5.160637295278182,9.592382622247062,10.810214350215698,,,0,s3,3
oracle,0.0,long_00013_4970-121-1320,s1,ungated_deflation,3,-29.84097715598423,6.455391919356565,9.655773641062456,0,0,0,s1,3
oracle,0.0,long_00013_4970-121-1320,s2,ungated_deflation,3,-7.962826277713113,-2.010219056119273,16.57804258994909,1,1,0,s2,3
oracle,0.0,long_00013_4970-121-1320,s3,ungated_deflation,3,-2.732965553034936,7.581985837996403,22.155511228846287,2,2,0,s3,3
oracle,0.0,long_00013_4970-121-1320,s1,gated_deflation,3,-29.84097715598423,6.455391919356565,9.655773641062456,0,0,0,s1,3
oracle,0.0,long_00013_4970-121-1320,s2,gated_deflation,3,-7.962826277713113,-2.010219056119273,16.57804258994909,1,1,0,s2,3
oracle,0.0,long_00013_4970-121-1320,s3,gated_deflation,3,-2.732965553034936,7.581985837996403,22.155511228846287,2,2,0,s3,3
oracle,0.0,long_00013_4970-121-1320,s1,coarse_to_fine,3,-29.84097715598423,6.455391919356565,9.655773641062456,,,0,s1,3
oracle,0.0,long_00013_4970-121-1320,s2,coarse_to_fine,3,-8.116178182615577,0.626082913327356,7.970492213422428,,,0,s2,3
oracle,0.0,long_00013_4970-121-1320,s3,coarse_to_fine,3,-5.160637295278182,9.592382622247062,10.810214350215698,,,0,s3,3
real,0.0,long_00013_4970-121-1320,s1,no_recursion,3,-34.05700796261193,5.705467580124777,9.346685664985191,,,0,SPEAKER_02,3
real,0.0,long_00013_4970-121-1320,s2,no_recursion,3,-9.949672870141503,-0.609749123883436,5.9828802116583715,,,0,SPEAKER_00,3
real,0.0,long_00013_4970-121-1320,s3,no_recursion,3,-8.245077697362165,5.062526322532611,7.917111369260543,,,0,SPEAKER_01,3
real,0.0,long_00013_4970-121-1320,s1,ungated_deflation,3,-17.095182259556005,5.742217347286039,13.13899879229288,1,1,0,SPEAKER_02,3
real,0.0,long_00013_4970-121-1320,s2,ungated_deflation,3,-7.313526070661678,-1.5581490156914424,19.078936275108127,2,2,0,SPEAKER_00,3
real,0.0,long_00013_4970-121-1320,s3,ungated_deflation,3,-8.245077697362165,5.062526322532611,7.917111369260543,0,0,0,SPEAKER_01,3
real,0.0,long_00013_4970-121-1320,s1,gated_deflation,3,-17.095182259556005,5.742217347286039,13.13899879229288,1,1,0,SPEAKER_02,3
real,0.0,long_00013_4970-121-1320,s2,gated_deflation,3,-7.313526070661678,-1.5581490156914424,19.078936275108127,2,2,0,SPEAKER_00,3
real,0.0,long_00013_4970-121-1320,s3,gated_deflation,3,-8.245077697362165,5.062526322532611,7.917111369260543,0,0,0,SPEAKER_01,3
real,0.0,long_00013_4970-121-1320,s1,coarse_to_fine,3,-34.05700796261193,5.705467580124777,9.346685664985191,,,0,SPEAKER_02,3
real,0.0,long_00013_4970-121-1320,s2,coarse_to_fine,3,-9.949672870141503,-0.609749123883436,5.9828802116583715,,,0,SPEAKER_00,3
real,0.0,long_00013_4970-121-1320,s3,coarse_to_fine,3,-8.245077697362165,5.062526322532611,7.917111369260543,,,0,SPEAKER_01,3
oracle,0.0,long_00014_6829-2094-7021,s1,no_recursion,3,-37.0215843995871,3.839134662839671,9.382497371979014,,,0,s1,3
oracle,0.0,long_00014_6829-2094-7021,s2,no_recursion,3,-14.537823818889724,5.731852463031761,7.773360494372833,,,0,s2,3
oracle,0.0,long_00014_6829-2094-7021,s3,no_recursion,3,-8.05214152862015,5.997321587080445,9.103513547538462,,,0,s3,3
oracle,0.0,long_00014_6829-2094-7021,s1,ungated_deflation,3,-37.0215843995871,3.839134662839671,9.382497371979014,0,0,0,s1,3
oracle,0.0,long_00014_6829-2094-7021,s2,ungated_deflation,3,-10.353768454442086,2.6486449470628837,14.007649500537308,1,1,0,s2,3
oracle,0.0,long_00014_6829-2094-7021,s3,ungated_deflation,3,-5.697762367754117,3.869522031203144,17.86182030011538,2,2,0,s3,3
oracle,0.0,long_00014_6829-2094-7021,s1,gated_deflation,3,-37.0215843995871,3.839134662839671,9.382497371979014,0,0,0,s1,3
oracle,0.0,long_00014_6829-2094-7021,s2,gated_deflation,3,-10.353768454442086,2.6486449470628837,14.007649500537308,1,1,0,s2,3
oracle,0.0,long_00014_6829-2094-7021,s3,gated_deflation,3,-5.697762367754117,3.869522031203144,17.86182030011538,2,2,0,s3,3
oracle,0.0,long_00014_6829-2094-7021,s1,coarse_to_fine,3,-37.0215843995871,3.839134662839671,9.382497371979014,,,0,s1,3
oracle,0.0,long_00014_6829-2094-7021,s2,coarse_to_fine,3,-14.537823818889724,5.731852463031761,7.773360494372833,,,0,s2,3
oracle,0.0,long_00014_6829-2094-7021,s3,coarse_to_fine,3,-8.05214152862015,5.997321587080445,9.103513547538462,,,0,s3,3
real,0.0,long_00014_6829-2094-7021,s1,no_recursion,3,-17.473428103930427,-1.4900439722444772,4.338286870090726,,,0,SPEAKER_01,3
real,0.0,long_00014_6829-2094-7021,s2,no_recursion,3,-36.65148116409949,1.4211340030660604,3.718021374118835,,,0,SPEAKER_02,3
real,0.0,long_00014_6829-2094-7021,s3,no_recursion,3,-9.85770609909128,3.973102283217926,7.78117122968818,,,0,SPEAKER_00,3
real,0.0,long_00014_6829-2094-7021,s1,ungated_deflation,3,-17.473428103930427,-1.4900439722444772,4.338286870090726,0,0,0,SPEAKER_01,3
real,0.0,long_00014_6829-2094-7021,s2,ungated_deflation,3,-11.339909820909284,1.7670580481580809,13.138908860664229,2,2,0,SPEAKER_02,3
real,0.0,long_00014_6829-2094-7021,s3,ungated_deflation,3,-9.957099517490844,3.2063326114505326,8.11159943305346,1,1,0,SPEAKER_00,3
real,0.0,long_00014_6829-2094-7021,s1,gated_deflation,3,-17.473428103930427,-1.4900439722444772,4.338286870090726,0,0,0,SPEAKER_01,3
real,0.0,long_00014_6829-2094-7021,s2,gated_deflation,3,-11.339909820909284,1.7670580481580809,13.138908860664229,2,2,0,SPEAKER_02,3
real,0.0,long_00014_6829-2094-7021,s3,gated_deflation,3,-9.957099517490844,3.2063326114505326,8.11159943305346,1,1,0,SPEAKER_00,3
real,0.0,long_00014_6829-2094-7021,s1,coarse_to_fine,3,-17.473428103930427,-1.4900439722444772,4.338286870090726,,,0,SPEAKER_01,3
real,0.0,long_00014_6829-2094-7021,s2,coarse_to_fine,3,-36.65148116409949,1.4211340030660604,3.718021374118835,,,0,SPEAKER_02,3
real,0.0,long_00014_6829-2094-7021,s3,coarse_to_fine,3,-9.85770609909128,3.973102283217926,7.78117122968818,,,0,SPEAKER_00,3
oracle,0.0,long_00015_4992-1089-4970,s1,no_recursion,3,-15.048121478701251,10.755047037665381,8.888278462742521,,,0,s1,3
oracle,0.0,long_00015_4992-1089-4970,s2,no_recursion,3,-6.5406885075250445,6.046936486551604,10.576693520259115,,,0,s2,3
oracle,0.0,long_00015_4992-1089-4970,s3,no_recursion,3,-19.701886347624548,13.946419778993072,10.227640822814035,,,0,s3,3
oracle,0.0,long_00015_4992-1089-4970,s1,ungated_deflation,3,-15.048121478701251,10.755047037665381,8.888278462742521,0,0,0,s1,3
oracle,0.0,long_00015_4992-1089-4970,s2,ungated_deflation,3,-6.568637734184825,3.415851859707897,13.537873107198964,1,1,0,s2,3
oracle,0.0,long_00015_4992-1089-4970,s3,ungated_deflation,3,-12.4323195623312,11.36291406580131,21.155151479002416,2,2,0,s3,3
oracle,0.0,long_00015_4992-1089-4970,s1,gated_deflation,3,-15.048121478701251,10.755047037665381,8.888278462742521,0,0,0,s1,3
oracle,0.0,long_00015_4992-1089-4970,s2,gated_deflation,3,-6.568637734184825,3.415851859707897,13.537873107198964,1,1,0,s2,3
oracle,0.0,long_00015_4992-1089-4970,s3,gated_deflation,3,-12.4323195623312,11.36291406580131,21.155151479002416,2,2,0,s3,3
oracle,0.0,long_00015_4992-1089-4970,s1,coarse_to_fine,3,-15.048121478701251,10.755047037665381,8.888278462742521,,,0,s1,3
oracle,0.0,long_00015_4992-1089-4970,s2,coarse_to_fine,3,-6.5406885075250445,6.046936486551604,10.576693520259115,,,0,s2,3
oracle,0.0,long_00015_4992-1089-4970,s3,coarse_to_fine,3,-19.701886347624548,13.946419778993072,10.227640822814035,,,0,s3,3
real,0.0,long_00015_4992-1089-4970,s1,no_recursion,3,-31.076703350988574,7.091711717010204,5.704417300337,,,0,SPEAKER_01,3
real,0.0,long_00015_4992-1089-4970,s2,no_recursion,3,-8.295220631495486,3.297115409139992,9.560632439230625,,,0,SPEAKER_02,3
real,0.0,long_00015_4992-1089-4970,s3,no_recursion,3,-13.371751280407434,7.777474458669914,7.512454685388056,,,0,SPEAKER_00,3
real,0.0,long_00015_4992-1089-4970,s1,ungated_deflation,3,-14.44947188475615,8.339094088708645,9.480089661856768,1,1,0,SPEAKER_01,3
real,0.0,long_00015_4992-1089-4970,s2,ungated_deflation,3,-8.316086999343327,0.4382090271708952,14.070171749607898,2,2,0,SPEAKER_02,3
real,0.0,long_00015_4992-1089-4970,s3,ungated_deflation,3,-13.371751280407434,7.777474458669914,7.512454685388056,0,0,0,SPEAKER_00,3
real,0.0,long_00015_4992-1089-4970,s1,gated_deflation,3,-14.44947188475615,8.339094088708645,9.480089661856768,1,1,0,SPEAKER_01,3
real,0.0,long_00015_4992-1089-4970,s2,gated_deflation,3,-8.316086999343327,0.4382090271708952,14.070171749607898,2,2,0,SPEAKER_02,3
real,0.0,long_00015_4992-1089-4970,s3,gated_deflation,3,-13.371751280407434,7.777474458669914,7.512454685388056,0,0,0,SPEAKER_00,3
real,0.0,long_00015_4992-1089-4970,s1,coarse_to_fine,3,-31.076703350988574,7.091711717010204,5.704417300337,,,0,SPEAKER_01,3
real,0.0,long_00015_4992-1089-4970,s2,coarse_to_fine,3,-8.295220631495486,3.297115409139992,9.560632439230625,,,0,SPEAKER_02,3
real,0.0,long_00015_4992-1089-4970,s3,coarse_to_fine,3,-13.371751280407434,7.777474458669914,7.512454685388056,,,0,SPEAKER_00,3
oracle,0.0,long_00016_4970-5639-1221,s1,no_recursion,3,-11.984781694779462,8.22678187861294,4.745234206358613,,,0,s1,3
oracle,0.0,long_00016_4970-5639-1221,s2,no_recursion,3,-8.61544962804224,-0.8641508619770053,9.775427517695244,,,0,s2,3
oracle,0.0,long_00016_4970-5639-1221,s3,no_recursion,3,-21.609623256146012,8.321654189384272,7.434634990591959,,,0,s3,3
oracle,0.0,long_00016_4970-5639-1221,s1,ungated_deflation,3,-11.984781694779462,8.22678187861294,4.745234206358613,0,0,0,s1,3
oracle,0.0,long_00016_4970-5639-1221,s2,ungated_deflation,3,-11.030058423925322,-4.956662258430427,13.911078880139545,1,1,0,s2,3
oracle,0.0,long_00016_4970-5639-1221,s3,ungated_deflation,3,-5.704135165891847,11.666200045020886,22.90629767708129,2,2,0,s3,3
oracle,0.0,long_00016_4970-5639-1221,s1,gated_deflation,3,-11.984781694779462,8.22678187861294,4.745234206358613,0,0,0,s1,3
oracle,0.0,long_00016_4970-5639-1221,s2,gated_deflation,3,-11.030058423925322,-4.956662258430427,13.911078880139545,1,1,0,s2,3
oracle,0.0,long_00016_4970-5639-1221,s3,gated_deflation,3,-5.704135165891847,11.666200045020886,22.90629767708129,2,2,0,s3,3
oracle,0.0,long_00016_4970-5639-1221,s1,coarse_to_fine,3,-11.984781694779462,8.22678187861294,4.745234206358613,,,0,s1,3
oracle,0.0,long_00016_4970-5639-1221,s2,coarse_to_fine,3,-8.61544962804224,-0.8641508619770053,9.775427517695244,,,0,s2,3
oracle,0.0,long_00016_4970-5639-1221,s3,coarse_to_fine,3,-21.609623256146012,8.321654189384272,7.434634990591959,,,0,s3,3
real,0.0,long_00016_4970-5639-1221,s1,no_recursion,3,-11.932828902269799,5.961389795174031,4.367949228924097,,,0,SPEAKER_00,3
real,0.0,long_00016_4970-5639-1221,s2,no_recursion,3,-8.529742007585218,-0.045219258344589716,8.43128429325285,,,0,SPEAKER_02,3
real,0.0,long_00016_4970-5639-1221,s3,no_recursion,3,-25.821769407389716,3.786517467725555,4.421185135470563,,,0,SPEAKER_01,3
real,0.0,long_00016_4970-5639-1221,s1,ungated_deflation,3,-33.00929423377055,8.622995137214257,10.45021407608119,1,1,0,SPEAKER_00,3
real,0.0,long_00016_4970-5639-1221,s2,ungated_deflation,3,-8.57310792104055,-2.8329335035119434,18.30750435571536,2,2,0,SPEAKER_02,3
real,0.0,long_00016_4970-5639-1221,s3,ungated_deflation,3,-25.821769407389716,3.786517467725555,4.421185135470563,0,0,0,SPEAKER_01,3
real,0.0,long_00016_4970-5639-1221,s1,gated_deflation,3,-33.00929423377055,8.622995137214257,10.45021407608119,1,1,0,SPEAKER_00,3
real,0.0,long_00016_4970-5639-1221,s2,gated_deflation,3,-8.57310792104055,-2.8329335035119434,18.30750435571536,2,2,0,SPEAKER_02,3
real,0.0,long_00016_4970-5639-1221,s3,gated_deflation,3,-25.821769407389716,3.786517467725555,4.421185135470563,0,0,0,SPEAKER_01,3
real,0.0,long_00016_4970-5639-1221,s1,coarse_to_fine,3,-11.932828902269799,5.961389795174031,4.367949228924097,,,0,SPEAKER_00,3
real,0.0,long_00016_4970-5639-1221,s2,coarse_to_fine,3,-8.529742007585218,-0.045219258344589716,8.43128429325285,,,0,SPEAKER_02,3
real,0.0,long_00016_4970-5639-1221,s3,coarse_to_fine,3,-25.821769407389716,3.786517467725555,4.421185135470563,,,0,SPEAKER_01,3
oracle,0.0,long_00017_4507-908-6829,s1,no_recursion,3,-14.79297679801644,5.913714948530479,7.4707178773551615,,,0,s1,3
oracle,0.0,long_00017_4507-908-6829,s2,no_recursion,3,-2.954573539717826,5.013647432941852,6.717404291948755,,,0,s2,3
oracle,0.0,long_00017_4507-908-6829,s3,no_recursion,3,-36.86751032255938,10.823686196809687,9.402559148673538,,,0,s3,3
oracle,0.0,long_00017_4507-908-6829,s1,ungated_deflation,3,-14.79297679801644,5.913714948530479,7.4707178773551615,0,0,0,s1,3
oracle,0.0,long_00017_4507-908-6829,s2,ungated_deflation,3,-1.653396544904828,5.516025031111049,10.135772106426224,1,1,0,s2,3
oracle,0.0,long_00017_4507-908-6829,s3,ungated_deflation,3,-13.227635885599039,7.570239290256742,16.052428842641476,2,2,0,s3,3
oracle,0.0,long_00017_4507-908-6829,s1,gated_deflation,3,-14.79297679801644,5.913714948530479,7.4707178773551615,0,0,0,s1,3
oracle,0.0,long_00017_4507-908-6829,s2,gated_deflation,3,-1.653396544904828,5.516025031111049,10.135772106426224,1,1,0,s2,3
oracle,0.0,long_00017_4507-908-6829,s3,gated_deflation,3,-13.227635885599039,7.570239290256742,16.052428842641476,2,2,0,s3,3
oracle,0.0,long_00017_4507-908-6829,s1,coarse_to_fine,3,-14.79297679801644,5.913714948530479,7.4707178773551615,,,0,s1,3
oracle,0.0,long_00017_4507-908-6829,s2,coarse_to_fine,3,-2.954573539717826,5.013647432941852,6.717404291948755,,,0,s2,3
oracle,0.0,long_00017_4507-908-6829,s3,coarse_to_fine,3,-36.86751032255938,10.823686196809687,9.402559148673538,,,0,s3,3
real,0.0,long_00017_4507-908-6829,s1,no_recursion,3,-12.291058738589228,5.752416072592767,6.216004223025527,,,0,SPEAKER_02,3
real,0.0,long_00017_4507-908-6829,s2,no_recursion,3,-11.013851599046838,-3.425957070208254,0.5571609289356226,,,0,SPEAKER_00,3
real,0.0,long_00017_4507-908-6829,s3,no_recursion,3,-20.12541268045573,6.247766754004069,6.772657920183056,,,0,SPEAKER_01,3
real,0.0,long_00017_4507-908-6829,s1,ungated_deflation,3,-17.860626408190274,3.1742620312316,8.134555678187743,1,1,0,SPEAKER_02,3
real,0.0,long_00017_4507-908-6829,s2,ungated_deflation,3,-7.039292461213432,-2.1174941519576738,8.263137399862753,2,2,0,SPEAKER_00,3
real,0.0,long_00017_4507-908-6829,s3,ungated_deflation,3,-20.12541268045573,6.247766754004069,6.772657920183056,0,0,0,SPEAKER_01,3
real,0.0,long_00017_4507-908-6829,s1,gated_deflation,3,-17.860626408190274,3.1742620312316,8.134555678187743,1,1,0,SPEAKER_02,3
real,0.0,long_00017_4507-908-6829,s2,gated_deflation,3,-7.039292461213432,-2.1174941519576738,8.263137399862753,2,2,0,SPEAKER_00,3
real,0.0,long_00017_4507-908-6829,s3,gated_deflation,3,-20.12541268045573,6.247766754004069,6.772657920183056,0,0,0,SPEAKER_01,3
real,0.0,long_00017_4507-908-6829,s1,coarse_to_fine,3,-12.291058738589228,5.752416072592767,6.216004223025527,,,0,SPEAKER_02,3
real,0.0,long_00017_4507-908-6829,s2,coarse_to_fine,3,-11.013851599046838,-3.425957070208254,0.5571609289356226,,,0,SPEAKER_00,3
real,0.0,long_00017_4507-908-6829,s3,coarse_to_fine,3,-20.12541268045573,6.247766754004069,6.772657920183056,,,0,SPEAKER_01,3
oracle,0.0,long_00018_4970-1089-3729,s1,no_recursion,3,-16.056771792577948,8.337551229383006,7.559628525521985,,,0,s1,3
oracle,0.0,long_00018_4970-1089-3729,s2,no_recursion,3,-2.3725902254676585,5.686887176486639,8.812979418468577,,,0,s2,3
oracle,0.0,long_00018_4970-1089-3729,s3,no_recursion,3,-18.479013808452997,8.16454089284231,9.038439423857593,,,0,s3,3
oracle,0.0,long_00018_4970-1089-3729,s1,ungated_deflation,3,-16.056771792577948,8.337551229383006,7.559628525521985,0,0,0,s1,3
oracle,0.0,long_00018_4970-1089-3729,s2,ungated_deflation,3,-4.300766742602884,0.8033029128764306,12.792013363675427,1,1,0,s2,3
oracle,0.0,long_00018_4970-1089-3729,s3,ungated_deflation,3,-14.019098721349172,0.3963558864575155,15.915566039021819,2,2,0,s3,3
oracle,0.0,long_00018_4970-1089-3729,s1,gated_deflation,3,-16.056771792577948,8.337551229383006,7.559628525521985,0,0,0,s1,3
oracle,0.0,long_00018_4970-1089-3729,s2,gated_deflation,3,-4.300766742602884,0.8033029128764306,12.792013363675427,1,1,0,s2,3
oracle,0.0,long_00018_4970-1089-3729,s3,gated_deflation,3,-14.019098721349172,0.3963558864575155,15.915566039021819,2,2,0,s3,3
oracle,0.0,long_00018_4970-1089-3729,s1,coarse_to_fine,3,-16.056771792577948,8.337551229383006,7.559628525521985,,,0,s1,3
oracle,0.0,long_00018_4970-1089-3729,s2,coarse_to_fine,3,-2.3725902254676585,5.686887176486639,8.812979418468577,,,0,s2,3
oracle,0.0,long_00018_4970-1089-3729,s3,coarse_to_fine,3,-18.479013808452997,8.16454089284231,9.038439423857593,,,0,s3,3
real,0.0,long_00018_4970-1089-3729,s1,no_recursion,3,-16.948699943304828,8.607613437807057,7.895888682897399,,,0,SPEAKER_00,3
real,0.0,long_00018_4970-1089-3729,s2,no_recursion,3,-6.270649608218816,1.0269111233550425,4.829817040491119,,,0,SPEAKER_01,3
real,0.0,long_00018_4970-1089-3729,s3,no_recursion,3,-16.097867374034575,6.209781776258846,10.372712907185576,,,0,SPEAKER_02,3
real,0.0,long_00018_4970-1089-3729,s1,ungated_deflation,3,-16.948699943304828,8.607613437807057,7.895888682897399,0,0,0,SPEAKER_00,3
real,0.0,long_00018_4970-1089-3729,s2,ungated_deflation,3,-4.117445734667672,0.6818123979523367,14.858817687745061,2,2,0,SPEAKER_01,3
real,0.0,long_00018_4970-1089-3729,s3,ungated_deflation,3,-15.512766312902585,3.503627807898011,11.605508550284785,1,1,0,SPEAKER_02,3
real,0.0,long_00018_4970-1089-3729,s1,gated_deflation,3,-16.948699943304828,8.607613437807057,7.895888682897399,0,0,0,SPEAKER_00,3
real,0.0,long_00018_4970-1089-3729,s2,gated_deflation,3,-4.117445734667672,0.6818123979523367,14.858817687745061,2,2,0,SPEAKER_01,3
real,0.0,long_00018_4970-1089-3729,s3,gated_deflation,3,-15.512766312902585,3.503627807898011,11.605508550284785,1,1,0,SPEAKER_02,3
real,0.0,long_00018_4970-1089-3729,s1,coarse_to_fine,3,-16.948699943304828,8.607613437807057,7.895888682897399,,,0,SPEAKER_00,3
real,0.0,long_00018_4970-1089-3729,s2,coarse_to_fine,3,-6.270649608218816,1.0269111233550425,4.829817040491119,,,0,SPEAKER_01,3
real,0.0,long_00018_4970-1089-3729,s3,coarse_to_fine,3,-16.097867374034575,6.209781776258846,10.372712907185576,,,0,SPEAKER_02,3
oracle,0.0,long_00019_3729-5639-3570,s1,no_recursion,3,-22.40849018129859,8.049634862430183,9.019045137687842,,,0,s1,3
oracle,0.0,long_00019_3729-5639-3570,s2,no_recursion,3,-10.027148355352583,1.1598589591086528,9.458750576877504,,,0,s2,3
oracle,0.0,long_00019_3729-5639-3570,s3,no_recursion,3,-27.26486531677663,12.66283695908285,8.792289213989022,,,0,s3,3
oracle,0.0,long_00019_3729-5639-3570,s1,ungated_deflation,3,-22.40849018129859,8.049634862430183,9.019045137687842,0,0,0,s1,3
oracle,0.0,long_00019_3729-5639-3570,s2,ungated_deflation,3,-8.92674067208276,-0.5494241483349623,15.982876654516662,1,1,0,s2,3
oracle,0.0,long_00019_3729-5639-3570,s3,ungated_deflation,3,-10.976254188727058,10.86894688938276,18.630920628058384,2,2,0,s3,3
oracle,0.0,long_00019_3729-5639-3570,s1,gated_deflation,3,-22.40849018129859,8.049634862430183,9.019045137687842,0,0,0,s1,3
oracle,0.0,long_00019_3729-5639-3570,s2,gated_deflation,3,-8.92674067208276,-0.5494241483349623,15.982876654516662,1,1,0,s2,3
oracle,0.0,long_00019_3729-5639-3570,s3,gated_deflation,3,-10.976254188727058,10.86894688938276,18.630920628058384,2,2,0,s3,3
oracle,0.0,long_00019_3729-5639-3570,s1,coarse_to_fine,3,-22.40849018129859,8.049634862430183,9.019045137687842,,,0,s1,3
oracle,0.0,long_00019_3729-5639-3570,s2,coarse_to_fine,3,-10.027148355352583,1.1598589591086528,9.458750576877504,,,0,s2,3
oracle,0.0,long_00019_3729-5639-3570,s3,coarse_to_fine,3,-27.26486531677663,12.66283695908285,8.792289213989022,,,0,s3,3
real,0.0,long_00019_3729-5639-3570,s1,no_recursion,3,-21.53720782670517,6.882643971234103,9.312722863094404,,,0,SPEAKER_02,3
real,0.0,long_00019_3729-5639-3570,s2,no_recursion,3,-13.598659180241704,-0.20862838139331336,5.959349429811432,,,0,SPEAKER_01,3
real,0.0,long_00019_3729-5639-3570,s3,no_recursion,3,-11.279898981655016,2.3493969648431907,2.957970464667281,,,0,SPEAKER_00,3
real,0.0,long_00019_3729-5639-3570,s1,ungated_deflation,3,-21.53720782670517,6.882643971234103,9.312722863094404,0,0,0,SPEAKER_02,3
real,0.0,long_00019_3729-5639-3570,s2,ungated_deflation,3,-9.187837501016277,-0.6726215060047656,15.230378206998722,2,2,0,SPEAKER_01,3
real,0.0,long_00019_3729-5639-3570,s3,ungated_deflation,3,-11.21812252638303,0.6980548078372544,2.3489679576959004,1,1,0,SPEAKER_00,3
real,0.0,long_00019_3729-5639-3570,s1,gated_deflation,3,-21.53720782670517,6.882643971234103,9.312722863094404,0,0,0,SPEAKER_02,3
real,0.0,long_00019_3729-5639-3570,s2,gated_deflation,3,-9.187837501016277,-0.6726215060047656,15.230378206998722,2,2,0,SPEAKER_01,3
real,0.0,long_00019_3729-5639-3570,s3,gated_deflation,3,-11.21812252638303,0.6980548078372544,2.3489679576959004,1,1,0,SPEAKER_00,3
real,0.0,long_00019_3729-5639-3570,s1,coarse_to_fine,3,-21.53720782670517,6.882643971234103,9.312722863094404,,,0,SPEAKER_02,3
real,0.0,long_00019_3729-5639-3570,s2,coarse_to_fine,3,-13.598659180241704,-0.20862838139331336,5.959349429811432,,,0,SPEAKER_01,3
real,0.0,long_00019_3729-5639-3570,s3,coarse_to_fine,3,-11.279898981655016,2.3493969648431907,2.957970464667281,,,0,SPEAKER_00,3
oracle,0.0,long_00020_1284-1580-260,s1,no_recursion,3,-37.416835999060694,7.449497110671899,7.685485493778533,,,0,s1,3
oracle,0.0,long_00020_1284-1580-260,s2,no_recursion,3,-5.1184482405245415,4.637665471761247,7.602859418308422,,,0,s2,3
oracle,0.0,long_00020_1284-1580-260,s3,no_recursion,3,-26.46774227803904,14.986625441390453,10.812756548461236,,,0,s3,3
oracle,0.0,long_00020_1284-1580-260,s1,ungated_deflation,3,-37.416835999060694,7.449497110671899,7.685485493778533,0,0,0,s1,3
oracle,0.0,long_00020_1284-1580-260,s2,ungated_deflation,3,-4.133104261039472,3.0355624561711703,13.280549259141154,1,1,0,s2,3
oracle,0.0,long_00020_1284-1580-260,s3,ungated_deflation,3,-18.7364522927851,6.412027988820457,13.309385769494977,2,2,0,s3,3
oracle,0.0,long_00020_1284-1580-260,s1,gated_deflation,3,-37.416835999060694,7.449497110671899,7.685485493778533,0,0,0,s1,3
oracle,0.0,long_00020_1284-1580-260,s2,gated_deflation,3,-4.133104261039472,3.0355624561711703,13.280549259141154,1,1,0,s2,3
oracle,0.0,long_00020_1284-1580-260,s3,gated_deflation,3,-18.7364522927851,6.412027988820457,13.309385769494977,2,2,0,s3,3
oracle,0.0,long_00020_1284-1580-260,s1,coarse_to_fine,3,-37.416835999060694,7.449497110671899,7.685485493778533,,,0,s1,3
oracle,0.0,long_00020_1284-1580-260,s2,coarse_to_fine,3,-5.1184482405245415,4.637665471761247,7.602859418308422,,,0,s2,3
oracle,0.0,long_00020_1284-1580-260,s3,coarse_to_fine,3,-26.46774227803904,14.986625441390453,10.812756548461236,,,0,s3,3
real,0.0,long_00020_1284-1580-260,s1,no_recursion,3,-16.317376080403523,2.500198375177669,4.119792341447156,,,0,SPEAKER_01,3
real,0.0,long_00020_1284-1580-260,s2,no_recursion,3,-8.997171229577791,0.23364776051905545,4.672709555533932,,,0,SPEAKER_02,3
real,0.0,long_00020_1284-1580-260,s3,no_recursion,3,-26.54831720183459,8.48574549728927,8.680142936705987,,,0,SPEAKER_00,3
real,0.0,long_00020_1284-1580-260,s1,ungated_deflation,3,-15.999605845512813,2.4723613354968923,14.274831414053253,2,2,0,SPEAKER_01,3
real,0.0,long_00020_1284-1580-260,s2,ungated_deflation,3,-6.582620253644924,0.0883215665923641,11.041086184484982,1,1,0,SPEAKER_02,3
real,0.0,long_00020_1284-1580-260,s3,ungated_deflation,3,-26.54831720183459,8.48574549728927,8.680142936705987,0,0,0,SPEAKER_00,3
real,0.0,long_00020_1284-1580-260,s1,gated_deflation,3,-15.999605845512813,2.4723613354968923,14.274831414053253,2,2,0,SPEAKER_01,3
real,0.0,long_00020_1284-1580-260,s2,gated_deflation,3,-6.582620253644924,0.0883215665923641,11.041086184484982,1,1,0,SPEAKER_02,3
real,0.0,long_00020_1284-1580-260,s3,gated_deflation,3,-26.54831720183459,8.48574549728927,8.680142936705987,0,0,0,SPEAKER_00,3
real,0.0,long_00020_1284-1580-260,s1,coarse_to_fine,3,-16.317376080403523,2.500198375177669,4.119792341447156,,,0,SPEAKER_01,3
real,0.0,long_00020_1284-1580-260,s2,coarse_to_fine,3,-8.997171229577791,0.23364776051905545,4.672709555533932,,,0,SPEAKER_02,3
real,0.0,long_00020_1284-1580-260,s3,coarse_to_fine,3,-26.54831720183459,8.48574549728927,8.680142936705987,,,0,SPEAKER_00,3
oracle,0.0,long_00021_4507-260-1580,s1,no_recursion,3,-20.332963869417892,9.089423865732204,7.707260939924611,,,0,s1,3
oracle,0.0,long_00021_4507-260-1580,s2,no_recursion,3,-5.246823577611538,5.976915237389907,7.015472869076893,,,0,s2,3
oracle,0.0,long_00021_4507-260-1580,s3,no_recursion,3,-21.2137313350298,9.767722207601269,9.189243691246977,,,0,s3,3
oracle,0.0,long_00021_4507-260-1580,s1,ungated_deflation,3,-20.332963869417892,9.089423865732204,7.707260939924611,0,0,0,s1,3
oracle,0.0,long_00021_4507-260-1580,s2,ungated_deflation,3,-4.750032209597012,4.952037905637918,8.869949860290516,1,1,0,s2,3
oracle,0.0,long_00021_4507-260-1580,s3,ungated_deflation,3,-8.975520505537594,9.302091811643976,18.488687912503142,2,2,0,s3,3
oracle,0.0,long_00021_4507-260-1580,s1,gated_deflation,3,-20.332963869417892,9.089423865732204,7.707260939924611,0,0,0,s1,3
oracle,0.0,long_00021_4507-260-1580,s2,gated_deflation,3,-4.750032209597012,4.952037905637918,8.869949860290516,1,1,0,s2,3
oracle,0.0,long_00021_4507-260-1580,s3,gated_deflation,3,-8.975520505537594,9.302091811643976,18.488687912503142,2,2,0,s3,3
oracle,0.0,long_00021_4507-260-1580,s1,coarse_to_fine,3,-20.332963869417892,9.089423865732204,7.707260939924611,,,0,s1,3
oracle,0.0,long_00021_4507-260-1580,s2,coarse_to_fine,3,-5.246823577611538,5.976915237389907,7.015472869076893,,,0,s2,3
oracle,0.0,long_00021_4507-260-1580,s3,coarse_to_fine,3,-21.2137313350298,9.767722207601269,9.189243691246977,,,0,s3,3
real,0.0,long_00021_4507-260-1580,s1,no_recursion,3,-14.110548361732997,7.100503461896689,5.535695895468189,,,0,SPEAKER_01,3
real,0.0,long_00021_4507-260-1580,s2,no_recursion,3,-8.970699181963667,0.5772449719114985,5.023284972669022,,,0,SPEAKER_00,3
real,0.0,long_00021_4507-260-1580,s3,no_recursion,3,-18.880093350256743,3.1409632891515615,4.443053083656427,,,0,SPEAKER_02,3
real,0.0,long_00021_4507-260-1580,s1,ungated_deflation,3,-12.588560467388447,5.729391416455895,4.60828566341117,1,1,0,SPEAKER_01,3
real,0.0,long_00021_4507-260-1580,s2,ungated_deflation,3,-9.049302902736569,-1.7417947363765751,8.257788535954658,2,2,0,SPEAKER_00,3
real,0.0,long_00021_4507-260-1580,s3,ungated_deflation,3,-18.880093350256743,3.1409632891515615,4.443053083656427,0,0,0,SPEAKER_02,3
real,0.0,long_00021_4507-260-1580,s1,gated_deflation,3,-12.588560467388447,5.729391416455895,4.60828566341117,1,1,0,SPEAKER_01,3
real,0.0,long_00021_4507-260-1580,s2,gated_deflation,3,-9.049302902736569,-1.7417947363765751,8.257788535954658,2,2,0,SPEAKER_00,3
real,0.0,long_00021_4507-260-1580,s3,gated_deflation,3,-18.880093350256743,3.1409632891515615,4.443053083656427,0,0,0,SPEAKER_02,3
real,0.0,long_00021_4507-260-1580,s1,coarse_to_fine,3,-14.110548361732997,7.100503461896689,5.535695895468189,,,0,SPEAKER_01,3
real,0.0,long_00021_4507-260-1580,s2,coarse_to_fine,3,-8.970699181963667,0.5772449719114985,5.023284972669022,,,0,SPEAKER_00,3
real,0.0,long_00021_4507-260-1580,s3,coarse_to_fine,3,-18.880093350256743,3.1409632891515615,4.443053083656427,,,0,SPEAKER_02,3
oracle,0.0,long_00022_1320-4992-7729,s1,no_recursion,3,-16.942184483136895,12.018098808637095,11.830136804791984,,,0,s1,3
oracle,0.0,long_00022_1320-4992-7729,s2,no_recursion,3,-4.04453939219653,5.731809466574154,8.37686919793316,,,0,s2,3
oracle,0.0,long_00022_1320-4992-7729,s3,no_recursion,3,-15.989919671813247,10.515860305695764,10.619482982183055,,,0,s3,3
oracle,0.0,long_00022_1320-4992-7729,s1,ungated_deflation,3,-16.942184483136895,12.018098808637095,11.830136804791984,0,0,0,s1,3
oracle,0.0,long_00022_1320-4992-7729,s2,ungated_deflation,3,-3.6502580472624735,3.6653538034727466,12.801460241205895,1,1,0,s2,3
oracle,0.0,long_00022_1320-4992-7729,s3,ungated_deflation,3,-8.976179741623527,8.080481548166116,18.869985242522972,2,2,0,s3,3
oracle,0.0,long_00022_1320-4992-7729,s1,gated_deflation,3,-16.942184483136895,12.018098808637095,11.830136804791984,0,0,0,s1,3
oracle,0.0,long_00022_1320-4992-7729,s2,gated_deflation,3,-3.6502580472624735,3.6653538034727466,12.801460241205895,1,1,0,s2,3
oracle,0.0,long_00022_1320-4992-7729,s3,gated_deflation,3,-8.976179741623527,8.080481548166116,18.869985242522972,2,2,0,s3,3
oracle,0.0,long_00022_1320-4992-7729,s1,coarse_to_fine,3,-16.942184483136895,12.018098808637095,11.830136804791984,,,0,s1,3
oracle,0.0,long_00022_1320-4992-7729,s2,coarse_to_fine,3,-4.04453939219653,5.731809466574154,8.37686919793316,,,0,s2,3
oracle,0.0,long_00022_1320-4992-7729,s3,coarse_to_fine,3,-15.989919671813247,10.515860305695764,10.619482982183055,,,0,s3,3
real,0.0,long_00022_1320-4992-7729,s1,no_recursion,3,-19.192005703941003,9.990086449837559,11.125232173788351,,,0,SPEAKER_00,3
real,0.0,long_00022_1320-4992-7729,s2,no_recursion,3,-4.672977974263445,5.219499679930405,7.410800200028494,,,0,SPEAKER_02,3
real,0.0,long_00022_1320-4992-7729,s3,no_recursion,3,-26.586556059520674,5.479297192508286,8.147087405066406,,,0,SPEAKER_01,3
real,0.0,long_00022_1320-4992-7729,s1,ungated_deflation,3,-19.192005703941003,9.990086449837559,11.125232173788351,0,0,0,SPEAKER_00,3
real,0.0,long_00022_1320-4992-7729,s2,ungated_deflation,3,-3.331427045828599,3.4835579800447976,15.021431739464955,2,2,0,SPEAKER_02,3
real,0.0,long_00022_1320-4992-7729,s3,ungated_deflation,3,-19.292797289833675,6.1673932821259045,9.770508310858641,1,1,0,SPEAKER_01,3
real,0.0,long_00022_1320-4992-7729,s1,gated_deflation,3,-19.192005703941003,9.990086449837559,11.125232173788351,0,0,0,SPEAKER_00,3
real,0.0,long_00022_1320-4992-7729,s2,gated_deflation,3,-3.331427045828599,3.4835579800447976,15.021431739464955,2,2,0,SPEAKER_02,3
real,0.0,long_00022_1320-4992-7729,s3,gated_deflation,3,-19.292797289833675,6.1673932821259045,9.770508310858641,1,1,0,SPEAKER_01,3
real,0.0,long_00022_1320-4992-7729,s1,coarse_to_fine,3,-19.192005703941003,9.990086449837559,11.125232173788351,,,0,SPEAKER_00,3
real,0.0,long_00022_1320-4992-7729,s2,coarse_to_fine,3,-4.672977974263445,5.219499679930405,7.410800200028494,,,0,SPEAKER_02,3
real,0.0,long_00022_1320-4992-7729,s3,coarse_to_fine,3,-26.586556059520674,5.479297192508286,8.147087405066406,,,0,SPEAKER_01,3
oracle,0.0,long_00023_5639-7127-2094,s1,no_recursion,3,-24.212661977636426,1.2841958097686677,10.768543023752152,,,0,s1,3
oracle,0.0,long_00023_5639-7127-2094,s2,no_recursion,3,-6.903533863037083,1.9565751809164627,7.862817650969487,,,0,s2,3
oracle,0.0,long_00023_5639-7127-2094,s3,no_recursion,3,-27.73085700075214,2.624378366256308,0.8082325056418662,,,0,s3,3
oracle,0.0,long_00023_5639-7127-2094,s1,ungated_deflation,3,-24.212661977636426,1.2841958097686677,10.768543023752152,0,0,0,s1,3
oracle,0.0,long_00023_5639-7127-2094,s2,ungated_deflation,3,-6.909897895676722,-0.020992141025144125,11.82842672358331,1,1,0,s2,3
oracle,0.0,long_00023_5639-7127-2094,s3,ungated_deflation,3,-7.957750381363961,3.286342521626316,11.641851609532644,2,2,0,s3,3
oracle,0.0,long_00023_5639-7127-2094,s1,gated_deflation,3,-24.212661977636426,1.2841958097686677,10.768543023752152,0,0,0,s1,3
oracle,0.0,long_00023_5639-7127-2094,s2,gated_deflation,3,-6.909897895676722,-0.020992141025144125,11.82842672358331,1,1,0,s2,3
oracle,0.0,long_00023_5639-7127-2094,s3,gated_deflation,3,-7.957750381363961,3.286342521626316,11.641851609532644,2,2,0,s3,3
oracle,0.0,long_00023_5639-7127-2094,s1,coarse_to_fine,3,-24.212661977636426,1.2841958097686677,10.768543023752152,,,0,s1,3
oracle,0.0,long_00023_5639-7127-2094,s2,coarse_to_fine,3,-6.903533863037083,1.9565751809164627,7.862817650969487,,,0,s2,3
oracle,0.0,long_00023_5639-7127-2094,s3,coarse_to_fine,3,-27.73085700075214,2.624378366256308,0.8082325056418662,,,0,s3,3
real,0.0,long_00023_5639-7127-2094,s1,no_recursion,3,-48.11068715603788,-0.08419567607757202,8.613164229976661,,,0,SPEAKER_01,3
real,0.0,long_00023_5639-7127-2094,s3,no_recursion,3,-25.60984227781733,0.13563905509747542,1.230979470537943,,,0,SPEAKER_00,3
real,0.0,long_00023_5639-7127-2094,s2,no_recursion,3,-9.775658474562041,-0.20886910451659915,4.9589738479222465,,,0,SPEAKER_02,3
real,0.0,long_00023_5639-7127-2094,s1,ungated_deflation,3,-13.805279104375376,1.1148546586053336,20.478518287882444,2,2,0,SPEAKER_01,3
real,0.0,long_00023_5639-7127-2094,s3,ungated_deflation,3,-35.250812722128714,-2.085998765785542,0.3982202966039053,1,1,0,SPEAKER_00,3
real,0.0,long_00023_5639-7127-2094,s2,ungated_deflation,3,-9.775658474562041,-0.20886910451659915,4.9589738479222465,0,0,0,SPEAKER_02,3
real,0.0,long_00023_5639-7127-2094,s1,gated_deflation,3,-13.805279104375376,1.1148546586053336,20.478518287882444,2,2,0,SPEAKER_01,3
real,0.0,long_00023_5639-7127-2094,s3,gated_deflation,3,-35.250812722128714,-2.085998765785542,0.3982202966039053,1,1,0,SPEAKER_00,3
real,0.0,long_00023_5639-7127-2094,s2,gated_deflation,3,-9.775658474562041,-0.20886910451659915,4.9589738479222465,0,0,0,SPEAKER_02,3
real,0.0,long_00023_5639-7127-2094,s1,coarse_to_fine,3,-48.11068715603788,-0.08419567607757202,8.613164229976661,,,0,SPEAKER_01,3
real,0.0,long_00023_5639-7127-2094,s3,coarse_to_fine,3,-25.60984227781733,0.13563905509747542,1.230979470537943,,,0,SPEAKER_00,3
real,0.0,long_00023_5639-7127-2094,s2,coarse_to_fine,3,-9.775658474562041,-0.20886910451659915,4.9589738479222465,,,0,SPEAKER_02,3
oracle,0.0,long_00024_8224-1284-2961,s1,no_recursion,3,-25.586795831120995,10.797403909804633,11.059545782395212,,,0,s1,3
oracle,0.0,long_00024_8224-1284-2961,s2,no_recursion,3,-6.593205019974025,3.396681591841687,8.611893225484163,,,0,s2,3
oracle,0.0,long_00024_8224-1284-2961,s3,no_recursion,3,-10.173986700176025,5.5302114740154815,12.710194705820248,,,0,s3,3
oracle,0.0,long_00024_8224-1284-2961,s1,ungated_deflation,3,-25.586795831120995,10.797403909804633,11.059545782395212,0,0,0,s1,3
oracle,0.0,long_00024_8224-1284-2961,s2,ungated_deflation,3,-4.8163104130784316,3.667903013797643,13.311011923161335,1,1,0,s2,3
oracle,0.0,long_00024_8224-1284-2961,s3,ungated_deflation,3,-6.53600206572687,5.021129051972145,25.797211308075426,2,2,0,s3,3
oracle,0.0,long_00024_8224-1284-2961,s1,gated_deflation,3,-25.586795831120995,10.797403909804633,11.059545782395212,0,0,0,s1,3
oracle,0.0,long_00024_8224-1284-2961,s2,gated_deflation,3,-4.8163104130784316,3.667903013797643,13.311011923161335,1,1,0,s2,3
oracle,0.0,long_00024_8224-1284-2961,s3,gated_deflation,3,-6.53600206572687,5.021129051972145,25.797211308075426,2,2,0,s3,3
oracle,0.0,long_00024_8224-1284-2961,s1,coarse_to_fine,3,-25.586795831120995,10.797403909804633,11.059545782395212,,,0,s1,3
oracle,0.0,long_00024_8224-1284-2961,s2,coarse_to_fine,3,-6.593205019974025,3.396681591841687,8.611893225484163,,,0,s2,3
oracle,0.0,long_00024_8224-1284-2961,s3,coarse_to_fine,3,-10.173986700176025,5.5302114740154815,12.710194705820248,,,0,s3,3
real,0.0,long_00024_8224-1284-2961,s1,no_recursion,3,-24.12044480532827,8.722821246971712,11.40411043586305,,,0,SPEAKER_00,3
real,0.0,long_00024_8224-1284-2961,s2,no_recursion,3,-12.39651398430879,-2.126341692839273,4.616687179788609,,,0,SPEAKER_02,3
real,0.0,long_00024_8224-1284-2961,s3,no_recursion,3,-10.963418495396331,5.981195591601535,11.423288286360869,,,0,SPEAKER_01,3
real,0.0,long_00024_8224-1284-2961,s1,ungated_deflation,3,-22.272011312183572,5.303359498311943,12.2006089253962,2,2,0,SPEAKER_00,3
real,0.0,long_00024_8224-1284-2961,s2,ungated_deflation,3,-12.39651398430879,-2.126341692839273,4.616687179788609,0,0,0,SPEAKER_02,3
real,0.0,long_00024_8224-1284-2961,s3,ungated_deflation,3,-6.427243087781532,6.00221766548529,22.85501982064283,1,1,0,SPEAKER_01,3
real,0.0,long_00024_8224-1284-2961,s1,gated_deflation,3,-22.272011312183572,5.303359498311943,12.2006089253962,2,2,0,SPEAKER_00,3
real,0.0,long_00024_8224-1284-2961,s2,gated_deflation,3,-12.39651398430879,-2.126341692839273,4.616687179788609,0,0,0,SPEAKER_02,3
real,0.0,long_00024_8224-1284-2961,s3,gated_deflation,3,-6.427243087781532,6.00221766548529,22.85501982064283,1,1,0,SPEAKER_01,3
real,0.0,long_00024_8224-1284-2961,s1,coarse_to_fine,3,-24.12044480532827,8.722821246971712,11.40411043586305,,,0,SPEAKER_00,3
real,0.0,long_00024_8224-1284-2961,s2,coarse_to_fine,3,-12.39651398430879,-2.126341692839273,4.616687179788609,,,0,SPEAKER_02,3
real,0.0,long_00024_8224-1284-2961,s3,coarse_to_fine,3,-10.963418495396331,5.981195591601535,11.423288286360869,,,0,SPEAKER_01,3
