scene,speaker,solo_interior,solo_seams,overlap_proposed,overlap_blind,eval_margin
4077-13754-0001_5142-33396-0065_5683-32866-0012,s1,inf,46.81451127807379,8.25675264516438,4.27823767259405,0.37667243520094895
4077-13754-0001_5142-33396-0065_5683-32866-0012,s2,inf,29.759620886108586,-2.071039330114529,-2.5355501145927057,-0.026276509500469003
4077-13754-0001_5142-33396-0065_5683-32866-0012,s3,inf,72.18139121208422,8.332734151171586,-1.5560457161920018,0.22957867119339115
4507-16021-0025_1188-133604-0025_4992-23283-0016,s1,inf,41.09052422490582,10.944102212730524,11.204269761467717,0.12738937848530918
4507-16021-0025_1188-133604-0025_4992-23283-0016,s2,inf,27.45820217494599,0.860576155136865,11.53889814644533,0.23234766321073952
4507-16021-0025_1188-133604-0025_4992-23283-0016,s3,inf,32.663740127415736,9.566887512602234,-2.052157257046915,0.08621153047833474
5142-36377-0017_2830-3980-0022_3729-6852-0038,s1,inf,32.34629109775442,2.2190610384192517,-1.5742101920779725,0.2343129961802154
5142-36377-0017_2830-3980-0022_3729-6852-0038,s2,inf,50.62198960296712,2.4982380695776234,3.4748815660563515,-0.09524642988343346
5142-36377-0017_2830-3980-0022_3729-6852-0038,s3,inf,inf,nan,nan,0.24892584013229757
7021-79759-0005_4507-16021-0058_260-123288-0005,s1,inf,33.74106612365805,7.410823613048539,-4.890230496016218,0.14372138299660575
7021-79759-0005_4507-16021-0058_260-123288-0005,s2,inf,24.061945936484648,11.629936834784576,13.427963585285749,0.10620572098128234
7021-79759-0005_4507-16021-0058_260-123288-0005,s3,inf,inf,nan,nan,0.21600244311451489
672-122797-0044_8463-294828-0013_4507-16021-0043,s1,inf,29.277023810772572,15.792689655525258,16.734347066293864,0.2005364984272363
672-122797-0044_8463-294828-0013_4507-16021-0043,s2,inf,37.990060698922754,2.5531570855085963,-6.1240133527121765,0.1336283867563861
672-122797-0044_8463-294828-0013_4507-16021-0043,s3,inf,38.29150973308436,-3.4546022373333045,2.0052402242386664,-0.06278094017805824
6930-81414-0001_1995-1836-0006_121-121726-0014,s1,inf,56.23956230678493,7.985467040162506,2.666768165581923,0.2509400292614644
6930-81414-0001_1995-1836-0006_121-121726-0014,s2,inf,28.617475677700238,12.875113051943414,0.9757583845560275,0.17724689778202551
6930-81414-0001_1995-1836-0006_121-121726-0014,s3,inf,inf,nan,nan,0.042967452980863574
8555-284449-0002_1995-1837-0004_1089-134686-0002,s1,inf,78.20716202565465,-2.3346630225518616,-5.7464668761602855,0.17453552757476554
8555-284449-0002_1995-1837-0004_1089-134686-0002,s2,inf,34.81986991446683,7.666832331170703,1.9283818977395086,-0.04818896487384117
8555-284449-0002_1995-1837-0004_1089-134686-0002,s3,inf,inf,nan,nan,0.4069413527511959
7021-85628-0027_3575-170457-0025_8555-292519-0010,s1,inf,90.13814419802237,8.164974014326962,10.803914637732701,0.5327267724785603
7021-85628-0027_3575-170457-0025_8555-292519-0010,s2,inf,48.779610413654666,-0.8007653869949606,0.9594961130410771,0.17346322316956375
7021-85628-0027_3575-170457-0025_8555-292519-0010,s3,inf,78.6915879708628,-3.283889256575596,-7.782235824976019,0.10135603112071456
5639-40744-0012_1221-135766-0005_260-123286-0015,s1,inf,56.918001891528796,9.225115095262295,-4.655378285296776,0.26349499875230564
5639-40744-0012_1221-135766-0005_260-123286-0015,s2,inf,36.31731308691643,6.63380736830114,9.711836885063418,0.20328271935922404
5639-40744-0012_1221-135766-0005_260-123286-0015,s3,inf,22.903131980869343,14.105642961966629,15.167188676011472,-0.08823049145082051
260-123286-0003_1221-135766-0008_2830-3980-0067,s1,inf,59.57742287563331,11.392117342832602,13.105639797595934,0.1770224382822302
260-123286-0003_1221-135766-0008_2830-3980-0067,s2,inf,41.282690680227894,2.830741997219277,3.735566578799653,0.2904917862852402
260-123286-0003_1221-135766-0008_2830-3980-0067,s3,inf,35.46705641841059,11.79070976080302,1.4412284329539495,0.14267929194529572
260-123286-0005_4992-41797-0009_61-70968-0030,s1,inf,60.210006444151674,-4.4727279793203465,9.957098695119909,-0.10221405756816693
260-123286-0005_4992-41797-0009_61-70968-0030,s2,inf,29.706664903533397,5.453508710738672,7.5401645617311654,0.3436486021328732
260-123286-0005_4992-41797-0009_61-70968-0030,s3,inf,37.14281580566991,12.033881935287408,0.1955368979705953,0.03399654620165904
61-70970-0033_4446-2271-0021_1089-134691-0025,s1,inf,36.80795569015393,9.173809582057007,-6.550891258210619,0.07240145776306273
61-70970-0033_4446-2271-0021_1089-134691-0025,s2,inf,30.171742869173436,1.334824563271413,-1.3759760901768887,0.1348573375614347
61-70970-0033_4446-2271-0021_1089-134691-0025,s3,inf,68.86225546923002,3.6016086061789148,13.150206825322861,0.11698559426686228
7021-79730-0006_5142-36586-0000_2300-131720-0009,s1,inf,inf,9.835637643547825,-5.915369541835409,0.12614338122749613
7021-79730-0006_5142-36586-0000_2300-131720-0009,s2,inf,46.32813340921512,6.426248201266031,9.488099074444257,0.33535338964320305
7021-79730-0006_5142-36586-0000_2300-131720-0009,s3,inf,inf,nan,nan,0.08578475266616126
6829-68771-0022_1221-135766-0014_5683-32865-0004,s1,inf,48.27182121293628,-6.50231999498101,0.6880272236459724,0.08395375667269567
6829-68771-0022_1221-135766-0014_5683-32865-0004,s2,inf,42.26514469130688,2.8121069458765975,6.58259822952803,-0.008583984608142026
6829-68771-0022_1221-135766-0014_5683-32865-0004,s3,inf,36.23515725527884,-4.776722677037481,-3.8485681276253607,0.13104820812292028
4446-2275-0013_908-157963-0000_1284-1180-0030,s1,inf,39.557924162062434,0.36698433541104014,-28.632919333034543,-0.08839572618852409
4446-2275-0013_908-157963-0000_1284-1180-0030,s2,inf,48.549292503427154,10.204099167647076,11.445028617861928,0.23120807395739673
4446-2275-0013_908-157963-0000_1284-1180-0030,s3,inf,53.83877305322067,8.740771570708262,9.97465009554768,0.07692656787355778
7176-92135-0002_2830-3979-0001_4446-2271-0016,s1,inf,36.100586916392814,-4.431512695536528,-7.445900752340661,-0.0678475059731175
7176-92135-0002_2830-3979-0001_4446-2271-0016,s2,inf,44.86793224564876,0.9582641267099634,0.6192039043146529,0.14566580412995467
7176-92135-0002_2830-3979-0001_4446-2271-0016,s3,inf,34.1638310264019,5.676202749837586,6.309774502797301,0.2029495207090687
61-70970-0011_8555-284447-0003_8224-274381-0000,s1,inf,51.50021556866711,4.717979009177991,5.261168413852454,0.2448321135150644
61-70970-0011_8555-284447-0003_8224-274381-0000,s2,inf,24.112589908458162,9.240309472361336,-0.8373560590587288,0.304344119385757
61-70970-0011_8555-284447-0003_8224-274381-0000,s3,inf,66.90884152293599,26.2411043683292,24.533861018674756,0.317943124964122
61-70968-0004_1284-1180-0005_2094-142345-0006,s1,inf,40.949865858105554,1.3725090979112862,-2.304900625204773,-0.20573684576610407
61-70968-0004_1284-1180-0005_2094-142345-0006,s2,inf,33.27079640536685,3.325984013817976,-5.216327416227352,-0.14487879357117228
61-70968-0004_1284-1180-0005_2094-142345-0006,s3,inf,39.8116109303103,5.476584400988367,5.090199991350223,0.23342914250959568
7021-85628-0018_2961-960-0002_4446-2275-0028,s1,inf,40.01079460342186,10.691093949021429,11.094534064722886,0.3187467025884705
7021-85628-0018_2961-960-0002_4446-2275-0028,s2,inf,44.96364501105265,0.5920605509186574,-4.752675846591962,0.2606766578569192
7021-85628-0018_2961-960-0002_4446-2275-0028,s3,inf,56.1185634024773,1.2331081171010942,1.3826213715794555,0.12090319247049375
8455-210777-0065_4507-16021-0035_2961-960-0007,s1,inf,46.667091932881775,1.4407039050820505,6.328699319745127,0.550154074041586
8455-210777-0065_4507-16021-0035_2961-960-0007,s2,inf,41.34233912407922,5.493738462082126,2.1937390411460687,0.06235903750054361
8455-210777-0065_4507-16021-0035_2961-960-0007,s3,inf,58.55507303277772,2.9446655993428053,-4.2622231090894145,0.17746416872756898
7127-75946-0018_3575-170457-0019_5142-33396-0024,s1,inf,61.80360087142705,5.608066933961451,10.180805420570366,0.2522696694278934
7127-75946-0018_3575-170457-0019_5142-33396-0024,s2,inf,59.76749580845936,5.218247854298715,7.100693037760748,0.14796410017535433
7127-75946-0018_3575-170457-0019_5142-33396-0024,s3,inf,80.26460646653446,1.4948498894059012,-3.7401245259259652,0.28507415256881774
3575-170457-0043_1995-1837-0027_5142-33396-0022,s1,inf,49.762217859579884,-3.6296107587049447,-3.4700573216257604,0.144732967921255
3575-170457-0043_1995-1837-0027_5142-33396-0022,s2,inf,28.7187522474229,2.340884108803716,3.0982929906954597,-0.12511495763122604
3575-170457-0043_1995-1837-0027_5142-33396-0022,s3,inf,inf,nan,nan,0.16381366010491005
1580-141083-0032_5105-28240-0009_4446-2273-0019,s1,inf,52.99483554514307,4.509090627766517,11.3521804166211,0.047371090525651915
1580-141083-0032_5105-28240-0009_4446-2273-0019,s2,inf,59.78917186986224,7.877222212909239,12.095497656240903,0.31809702257497696
1580-141083-0032_5105-28240-0009_4446-2273-0019,s3,inf,30.306882797121197,9.73291340897997,1.8084868587819143,0.14242435951726673
5142-36586-0004_7127-75947-0000_8455-210777-0059,s1,inf,32.104616098728286,0.5872020890703747,-0.15394157695135252,0.32947605880113306
5142-36586-0004_7127-75947-0000_8455-210777-0059,s2,inf,51.3789985476079,4.111801480530149,-1.7318829884067695,0.17521270495343244
5142-36586-0004_7127-75947-0000_8455-210777-0059,s3,inf,30.33361389841997,-0.07198307034975923,5.073756781922386,-0.017175426596188315
8455-210777-0020_61-70968-0054_7729-102255-0023,s1,inf,65.53379856008635,2.975521924605296,5.203616832499383,0.10775903422256417
8455-210777-0020_61-70968-0054_7729-102255-0023,s2,inf,43.844545901477325,3.712732455027963,4.218661255737373,0.24349130813744468
8455-210777-0020_61-70968-0054_7729-102255-0023,s3,inf,37.11570685731418,-1.0789265919040076,-2.2673237628947733,0.11403511809867584
7176-88083-0000_4970-29095-0006_2094-142345-0034,s1,inf,53.20486232246071,7.27701519885947,9.777617079372623,0.11572421367772034
7176-88083-0000_4970-29095-0006_2094-142345-0034,s2,inf,30.021954293363407,9.866663491018404,-0.3376394410989056,-0.21483217168976654
7176-88083-0000_4970-29095-0006_2094-142345-0034,s3,inf,30.028921111688973,10.920895632733412,13.481222819060628,0.21636001213097067
6930-81414-0000_4507-16021-0059_6829-68771-0029,s1,inf,43.850559692521685,7.566851673875643,4.408069191237697,0.40149607516874686
6930-81414-0000_4507-16021-0059_6829-68771-0029,s2,inf,44.76592589107254,3.3990222831751034,15.355463928279963,-0.008465398581883887
6930-81414-0000_4507-16021-0059_6829-68771-0029,s3,inf,inf,nan,nan,0.20575147710424357
2300-131720-0040_260-123440-0017_672-122797-0022,s1,inf,45.328967748197904,1.2534143654956358,2.7558057622086167,0.019359587721825777
2300-131720-0040_260-123440-0017_672-122797-0022,s2,inf,64.6740495972929,-2.293277891404299,-33.36745876585741,-0.2054576761835088
2300-131720-0040_260-123440-0017_672-122797-0022,s3,inf,inf,nan,nan,0.26440869621675045
2830-3980-0052_8224-274381-0007_5683-32879-0022,s1,inf,36.035908834779434,-5.599641428921708,-9.285864180608224,0.2214809873371898
2830-3980-0052_8224-274381-0007_5683-32879-0022,s2,inf,37.6762824672032,5.285098452375387,4.478832703673113,0.22657744758699627
2830-3980-0052_8224-274381-0007_5683-32879-0022,s3,inf,25.03454475170344,13.089056989202842,15.282869794133969,0.37035355464148884
6829-68771-0018_1580-141083-0038_1089-134691-0013,s1,inf,41.90960705431841,-0.5055476204832516,-0.07887992965134949,0.2913702661663031
6829-68771-0018_1580-141083-0038_1089-134691-0013,s2,inf,32.001938513953895,4.700295834856699,-1.3308120458599522,-0.040543214025183016
6829-68771-0018_1580-141083-0038_1089-134691-0013,s3,inf,42.576477999050596,11.004688224053979,15.497192382420742,0.4236342879753583
61-70968-0020_3575-170457-0011_1995-1826-0025,s1,inf,54.65698123381685,6.90441682981482,5.889030470868809,0.4099585161600693
61-70968-0020_3575-170457-0011_1995-1826-0025,s2,inf,27.107237134745077,0.7526652461654083,-0.06805284134681341,0.33564822238539826
61-70968-0020_3575-170457-0011_1995-1826-0025,s3,inf,71.9011790734095,4.787392358525151,-2.4871707891329304,0.1764734475195786
1995-1826-0021_7021-79740-0011_6930-81414-0002,s1,inf,71.35754175034953,1.3258908996306065,-8.569878088066147,0.31922745902864125
1995-1826-0021_7021-79740-0011_6930-81414-0002,s2,inf,62.9571222301908,5.058313251565928,8.163972010072918,0.1378115958866507
1995-1826-0021_7021-79740-0011_6930-81414-0002,s3,inf,31.64270767451058,8.153146579583744,9.579285692201195,-0.28192881160522165
8555-284447-0013_5142-33396-0048_2830-3980-0056,s1,inf,44.30583852120006,0.7868896599750143,-31.786806363328157,0.22435862336009804
8555-284447-0013_5142-33396-0048_2830-3980-0056,s2,inf,53.73386504288317,-6.493220231832172,8.15694626697719,0.041377798099249574
8555-284447-0013_5142-33396-0048_2830-3980-0056,s3,inf,inf,nan,nan,0.23370361282482777
4992-41797-0021_5142-33396-0064_5639-40744-0033,s1,inf,29.17438938506253,7.963793655297574,-1.3251397104769245,0.12880084607110442
4992-41797-0021_5142-33396-0064_5639-40744-0033,s2,inf,23.290428376638147,0.1080748430164255,3.0347273890204054,-0.10203956408310944
4992-41797-0021_5142-33396-0064_5639-40744-0033,s3,inf,inf,nan,nan,0.24473598318581835
61-70968-0016_908-157963-0022_1089-134686-0007,s1,inf,53.366552374967675,-0.8383407152519239,-2.437429101432323,0.13628308723196403
61-70968-0016_908-157963-0022_1089-134686-0007,s2,inf,32.591849502583585,-6.635356468126097,-13.421413061004744,0.040303408898884174
61-70968-0016_908-157963-0022_1089-134686-0007,s3,inf,46.34445917782643,11.450668962092621,11.485358255953757,0.16080068169009176
8230-279154-0018_1995-1836-0007_6930-76324-0006,s1,inf,39.697544258462734,7.392772962423329,8.04023447315641,0.15399262944705094
8230-279154-0018_1995-1836-0007_6930-76324-0006,s2,inf,47.87046382682122,10.380898367129888,14.136219774069843,0.05102702985269669
8230-279154-0018_1995-1836-0007_6930-76324-0006,s3,inf,inf,nan,nan,0.2201299762337403
5142-33396-0020_4992-41797-0015_7021-85628-0010,s1,inf,44.936856965693224,1.4988106592203523,-2.129522683593537,0.028745413120660257
5142-33396-0020_4992-41797-0015_7021-85628-0010,s2,inf,30.297204769927095,9.01238848108201,5.997764422184272,0.08886238064066754
5142-33396-0020_4992-41797-0015_7021-85628-0010,s3,inf,70.1688554832843,4.703955062477464,7.501847790720156,0.2975873830737721
5683-32866-0004_121-121726-0005_5142-33396-0003,s1,inf,60.481282860506624,-6.140724286039269,-7.376825683177222,0.21718991334811566
5683-32866-0004_121-121726-0005_5142-33396-0003,s2,inf,55.82209570463534,2.6984231615229985,1.460066403883734,-0.40778576147029355
5683-32866-0004_121-121726-0005_5142-33396-0003,s3,inf,inf,nan,nan,0.20268958831388173
7176-88083-0020_4446-2271-0013_6829-68769-0032,s1,inf,30.864741329762776,6.877214470971159,5.058600187907255,0.2258347988447874
7176-88083-0020_4446-2271-0013_6829-68769-0032,s2,inf,20.131538232481326,8.838064072928637,-1.0715491721377814,0.10494994434603855
7176-88083-0020_4446-2271-0013_6829-68769-0032,s3,inf,31.729654054515603,-4.083756267416741,-2.6591470564857085,0.26731020723384413
6829-68769-0004_4077-13751-0008_4992-41797-0005,s1,inf,55.66409460747663,5.7396317645130015,-2.8038298591454995,0.11434613049950826
6829-68769-0004_4077-13751-0008_4992-41797-0005,s2,inf,39.665757910435275,9.73780475585913,12.010792009728121,0.23694538602579962
6829-68769-0004_4077-13751-0008_4992-41797-0005,s3,inf,35.85734503583816,11.524882011243944,13.300236865619881,-0.04001370506911994
6930-81414-0027_7729-102255-0036_7127-75947-0015,s1,inf,37.009158934680904,8.636608002256406,-3.9061802762780524,0.16993211386467377
6930-81414-0027_7729-102255-0036_7127-75947-0015,s2,inf,35.209774750104316,7.415434764960152,9.489275585788958,0.1166479154203719
6930-81414-0027_7729-102255-0036_7127-75947-0015,s3,inf,71.57067305342616,-4.524899422428039,8.947575316897261,0.05525255537015683
4992-23283-0008_8555-284447-0009_4077-13751-0013,s1,inf,43.203497096743675,-0.11210100522756458,-17.701624585794114,0.3481245799054188
4992-23283-0008_8555-284447-0009_4077-13751-0013,s2,inf,41.08343235993636,-5.646701974784336,5.946381532722059,0.030824088797541505
4992-23283-0008_8555-284447-0009_4077-13751-0013,s3,inf,inf,nan,nan,0.5021292797647321
1188-133604-0005_4446-2275-0035_1580-141083-0026,s1,inf,62.1345273974211,7.741724465622526,8.07795084146163,0.24948572115629153
1188-133604-0005_4446-2275-0035_1580-141083-0026,s2,inf,33.04484181021222,10.560322405282047,12.332774791777304,0.003979577346047591
1188-133604-0005_4446-2275-0035_1580-141083-0026,s3,inf,inf,nan,nan,0.22435281273903407
5639-40744-0026_4446-2271-0019_8230-279154-0022,s1,inf,45.22647027399618,-7.685700886372706,-9.154633554779698,0.29060104366045036
5639-40744-0026_4446-2271-0019_8230-279154-0022,s2,inf,34.66483619153682,8.557369693692266,-5.434387785514235,0.19223777603037473
5639-40744-0026_4446-2271-0019_8230-279154-0022,s3,inf,inf,nan,nan,0.3365119781268726
5683-32879-0017_7176-92135-0009_4077-13751-0014,s1,inf,54.94811734698899,2.7519379600165186,9.647012956966668,0.4468642007751735
5683-32879-0017_7176-92135-0009_4077-13751-0014,s2,inf,61.8219534504218,7.6084011913347185,-3.0763560532383094,-0.3546718913984096
5683-32879-0017_7176-92135-0009_4077-13751-0014,s3,inf,inf,nan,nan,0.2663075885362054
237-134500-0014_4077-13754-0006_8455-210777-0034,s1,inf,59.388119865720846,-6.059669648031896,-2.9621112274748054,0.5741540449001883
237-134500-0014_4077-13754-0006_8455-210777-0034,s2,inf,35.47044474815841,-0.7601204178061165,-7.836618815310966,0.19830416869917578
237-134500-0014_4077-13754-0006_8455-210777-0034,s3,inf,46.98721659463096,3.1708713639315085,3.6605173828882016,0.028479740184312208
6930-75918-0005_908-31957-0024_7127-75946-0029,s1,inf,44.54135374391573,6.941117916457085,4.943068069828526,0.24893311115111472
6930-75918-0005_908-31957-0024_7127-75946-0029,s2,inf,35.38553879040111,9.000881530169579,8.951954659934962,0.04346179007656792
6930-75918-0005_908-31957-0024_7127-75946-0029,s3,inf,inf,nan,nan,0.33965459030775036
2961-961-0006_260-123286-0031_4077-13754-0013,s1,inf,64.72852445727342,3.885912061237696,4.09869906653091,0.3963060843421313
2961-961-0006_260-123286-0031_4077-13754-0013,s2,inf,40.18240687045767,4.633786448705177,-6.5121795438062655,-0.03371485990996892
2961-961-0006_260-123286-0031_4077-13754-0013,s3,inf,50.75151344753864,-0.6963774800720086,-6.570972835444361,0.14155071800548757
5683-32866-0017_4992-23283-0011_6829-68771-0013,s1,inf,39.361039396361114,1.6698641535727328,1.126999553180993,0.11728995380026663
5683-32866-0017_4992-23283-0011_6829-68771-0013,s2,inf,30.23033387447631,-3.4665008195466607,-9.507104665424027,-0.04450296938721021
5683-32866-0017_4992-23283-0011_6829-68771-0013,s3,inf,40.3727013081689,8.787496244623863,12.249704033897599,0.12313459423879647
1188-133604-0034_2830-3980-0019_260-123286-0013,s1,inf,71.88663718654394,7.388586083255203,9.6748367000821,0.09197834679373063
1188-133604-0034_2830-3980-0019_260-123286-0013,s2,inf,37.62813960446772,0.4725183977069398,3.6681892778242435,-0.2194844409492971
1188-133604-0034_2830-3980-0019_260-123286-0013,s3,inf,inf,nan,nan,0.07451215999306793
1284-1181-0014_7729-102255-0011_908-31957-0003,s1,inf,62.98198432346357,6.601868311308144,7.407050500991364,0.30001284447652443
1284-1181-0014_7729-102255-0011_908-31957-0003,s2,inf,56.169724972807806,-3.913069552280631,-4.290547570018976,0.21450131012291118
1284-1181-0014_7729-102255-0011_908-31957-0003,s3,inf,66.71764264154501,5.681294534920386,-14.232486448862417,-0.09951355623451974
1188-133604-0013_1320-122612-0009_3570-5695-0000,s1,inf,37.211383652527196,-3.919954638435053,-4.155921074501147,0.22196758390528204
1188-133604-0013_1320-122612-0009_3570-5695-0000,s2,inf,37.65097955454301,3.2294343969551487,-6.881382442779321,-0.07848488009448551
1188-133604-0013_1320-122612-0009_3570-5695-0000,s3,inf,25.662950374208133,10.473478371342363,13.211551712425017,0.6324214083933425
4077-13754-0011_5639-40744-0015_3575-170457-0033,s1,inf,44.308233764554544,-6.648150340573464,-20.661183617131304,0.09681084084896807
4077-13754-0011_5639-40744-0015_3575-170457-0033,s2,inf,27.653181636721538,7.258475518056644,7.3987747542127655,-0.0059079742041689975
4077-13754-0011_5639-40744-0015_3575-170457-0033,s3,inf,36.82073879623187,6.258229173198626,7.3103464518161365,0.5257498058989374
7176-88083-0024_6930-76324-0003_2300-131720-0022,s1,inf,37.35883229338897,15.028633268636327,15.445015212089164,0.3550512393103883
7176-88083-0024_6930-76324-0003_2300-131720-0022,s2,inf,19.030769584517454,4.943290295347901,2.5361980588278548,-0.04648565336339472
7176-88083-0024_6930-76324-0003_2300-131720-0022,s3,inf,inf,nan,nan,0.19098510991758622
8463-294825-0013_1284-1180-0020_672-122797-0000,s1,inf,81.48456166595986,0.648055839938587,4.692755309736131,0.06968100850350123
8463-294825-0013_1284-1180-0020_672-122797-0000,s2,inf,27.25726324983541,7.9988948311104435,-6.684271414585706,-0.02630153252918699
8463-294825-0013_1284-1180-0020_672-122797-0000,s3,inf,inf,nan,nan,0.1732692119136735
1320-122617-0000_237-134500-0026_1580-141084-0026,s1,inf,38.52182262511236,8.14291693065903,9.9335496018052,0.4331144785838208
1320-122617-0000_237-134500-0026_1580-141084-0026,s2,inf,33.55133623370403,10.89998443310703,0.752136127933849,-0.141715593557738
1320-122617-0000_237-134500-0026_1580-141084-0026,s3,inf,inf,nan,nan,0.3588443997735917
1580-141084-0031_1089-134691-0017_3575-170457-0017,s1,inf,34.90934467126601,4.820719180596115,-5.46317123505963,0.09625927691783887
1580-141084-0031_1089-134691-0017_3575-170457-0017,s2,inf,40.539765850168195,6.783683767689745,6.879795844389971,0.41501252746799444
1580-141084-0031_1089-134691-0017_3575-170457-0017,s3,inf,40.76780537163533,8.322738448955139,8.035456811557527,0.2609570497695678
4992-41797-0010_2300-131720-0005_6829-68771-0014,s1,inf,31.089932028372363,9.590607513763862,10.886162110197677,0.11544167439835906
4992-41797-0010_2300-131720-0005_6829-68771-0014,s2,inf,41.466610829142354,-1.8362615885958078,4.162416696763954,0.4841511374543721
4992-41797-0010_2300-131720-0005_6829-68771-0014,s3,inf,61.73724114971805,7.137925130317123,1.297912136085283,0.11171322777976367
8455-210777-0035_7729-102255-0037_5142-33396-0036,s1,inf,60.12703406332055,-7.740578366965515,-10.426225475903097,0.20356786059044918
8455-210777-0035_7729-102255-0037_5142-33396-0036,s2,inf,39.57294203873718,7.084598046391946,7.430492405884584,0.21536657315097574
8455-210777-0035_7729-102255-0037_5142-33396-0036,s3,inf,28.804337137031617,14.587206782307847,15.56423179605964,0.2756540159598857
237-126133-0005_2830-3980-0004_1089-134686-0000,s1,inf,46.49966054380145,2.8204016928085314,13.317324903746767,0.4481024499002294
237-126133-0005_2830-3980-0004_1089-134686-0000,s2,inf,23.473373542842406,10.869942828279232,-4.9673624041265025,-0.2536664302145668
237-126133-0005_2830-3980-0004_1089-134686-0000,s3,inf,inf,nan,nan,0.18309333264363492
4077-13754-0005_8455-210777-0050_6829-68769-0018,s1,inf,68.79580370844567,-2.0156204456458036,-6.483239732272513,0.2573105313367776
4077-13754-0005_8455-210777-0050_6829-68769-0018,s2,inf,28.4548072590073,3.7688187755479086,-13.683881838147503,-0.43145317809275735
4077-13754-0005_8455-210777-0050_6829-68769-0018,s3,inf,inf,nan,nan,0.45384496147417785
2094-142345-0056_7729-102255-0045_7176-92135-0040,s1,inf,41.497047935333235,5.2462811437868915,7.089631280215844,0.12492774693792719
2094-142345-0056_7729-102255-0045_7176-92135-0040,s2,inf,49.70894038472402,1.9888845171041314,2.587128375922049,0.12270835433975602
2094-142345-0056_7729-102255-0045_7176-92135-0040,s3,inf,43.058861229866196,0.7821937028906814,-3.3646758501480702,0.13009099364018772
3575-170457-0006_1995-1836-0000_3570-5695-0013,s1,inf,35.83109382920952,-2.954513100428437,0.3665446030006113,0.2533686032996768
3575-170457-0006_1995-1836-0000_3570-5695-0013,s2,inf,25.359442226178377,-0.45463025726650985,-2.7014107661755875,0.06560348645081127
3575-170457-0006_1995-1836-0000_3570-5695-0013,s3,inf,25.253247468504153,2.041138715618616,0.2603725750115684,0.24661872288326214
2961-961-0007_237-134493-0013_2830-3980-0011,s1,inf,64.76987168825845,5.610670685877825,-2.096160280407561,0.24247842096875238
2961-961-0007_237-134493-0013_2830-3980-0011,s2,inf,28.950327482625315,-0.7537482057619832,3.265192619745908,0.037542486916362194
2961-961-0007_237-134493-0013_2830-3980-0011,s3,inf,inf,nan,nan,0.4124235059313742
121-121726-0007_61-70968-0008_2300-131720-0038,s1,inf,49.575351245383594,3.8354088666263877,3.1818708839195766,0.5766766190405295
121-121726-0007_61-70968-0008_2300-131720-0038,s2,inf,27.412153504759168,8.127470988060727,0.16750536442752145,-0.1246812773988275
121-121726-0007_61-70968-0008_2300-131720-0038,s3,inf,inf,nan,nan,0.17507308730960758
4970-29095-0032_6829-68771-0002_3729-6852-0009,s1,inf,88.48092421169648,3.692022948811113,-23.450611474292955,0.15459700967686707
4970-29095-0032_6829-68771-0002_3729-6852-0009,s2,inf,29.672470211898908,-4.1371877802298265,1.1273317545362187,-0.10371350495023224
4970-29095-0032_6829-68771-0002_3729-6852-0009,s3,inf,69.37026864365745,2.065620649644987,4.745075508634927,0.24238444713372675
1995-1837-0016_7021-79730-0001_7127-75946-0011,s1,inf,29.0012960247652,8.510689581251128,11.146376532100014,0.3441726393043225
1995-1837-0016_7021-79730-0001_7127-75946-0011,s2,inf,74.94123068909778,-0.16540903458219886,7.761124591431162,0.13994499845129227
1995-1837-0016_7021-79730-0001_7127-75946-0011,s3,inf,27.585357803563966,1.7464248065626287,-12.636025902061432,-0.129085006586095
1580-141083-0000_7127-75947-0019_8224-274384-0000,s1,inf,66.97337417542846,3.2776375502995996,1.1162742856021595,0.3926415685218966
1580-141083-0000_7127-75947-0019_8224-274384-0000,s2,inf,80.3864388510489,7.106469284585892,-2.2743489274359345,-0.30116801620365974
1580-141083-0000_7127-75947-0019_8224-274384-0000,s3,inf,inf,nan,nan,0.3757858125353325
3570-5696-0009_8555-284449-0006_7176-92135-0042,s1,inf,34.79216201268131,-1.8958873368547968,-8.593068604390004,0.3260052253238208
3570-5696-0009_8555-284449-0006_7176-92135-0042,s2,inf,25.39512599464004,7.7745529614188404,-1.4431061311218762,0.07499224508416191
3570-5696-0009_8555-284449-0006_7176-92135-0042,s3,inf,inf,nan,nan,0.46633679375545445
2300-131720-0001_5142-36586-0003_908-31957-0018,s1,inf,42.29987714306786,6.084590040728784,9.034809437805071,0.19989047860079
2300-131720-0001_5142-36586-0003_908-31957-0018,s2,inf,56.72058672925551,6.483006021134794,9.202956580456192,0.21297881793807905
2300-131720-0001_5142-36586-0003_908-31957-0018,s3,inf,inf,nan,nan,0.3066956081279286
5683-32879-0012_5105-28241-0017_5142-33396-0033,s1,inf,21.222654296842258,11.725899361458518,8.522366099627074,0.15966610908265466
5683-32879-0012_5105-28241-0017_5142-33396-0033,s2,inf,57.73285301076466,3.0234164008775117,5.859950331175275,0.22106021735593562
5683-32879-0012_5105-28241-0017_5142-33396-0033,s3,inf,48.97569980744456,-1.2836948450253263,-1.0749367416822369,-0.041054802851741234
237-126133-0018_4970-29095-0007_3570-5695-0006,s1,inf,69.5244495136192,-3.041265247075265,-2.2278731134218828,0.07871578845813154
237-126133-0018_4970-29095-0007_3570-5695-0006,s2,inf,38.471936540486766,2.9005731138175546,-4.843626897808572,0.12012847551755934
237-126133-0018_4970-29095-0007_3570-5695-0006,s3,inf,24.860559336336216,5.136480358796103,11.816501006559175,-0.04888746350308504
4446-2275-0033_8230-279154-0033_4992-41797-0007,s1,inf,53.90061549596716,7.866800126759297,-1.4154756727494158,0.09918949437860458
4446-2275-0033_8230-279154-0033_4992-41797-0007,s2,inf,59.661480051303215,7.720432540645808,10.699588298626598,0.21377856936632844
4446-2275-0033_8230-279154-0033_4992-41797-0007,s3,inf,29.45985637685478,-14.503126425131354,16.07916781702626,-0.06325935839174046
1320-122617-0016_4992-41806-0008_2830-3980-0025,s1,inf,46.69710394869724,9.783508509606042,11.065444715714028,0.17196466429921864
1320-122617-0016_4992-41806-0008_2830-3980-0025,s2,inf,32.50274268850375,-8.59549666054776,8.88980836430967,0.01878846563002512
1320-122617-0016_4992-41806-0008_2830-3980-0025,s3,inf,31.799159016167987,0.7020953947180196,-1.7505982905895603,0.13447675871978382
61-70970-0015_8463-294825-0004_2961-961-0004,s1,inf,49.88800695061449,9.622574685327162,9.96622835115234,0.293022213052587
61-70970-0015_8463-294825-0004_2961-961-0004,s2,inf,36.643446437309,6.242016238429176,-1.106019852781427,0.1781976198686167
61-70970-0015_8463-294825-0004_2961-961-0004,s3,inf,inf,nan,nan,0.283876129755565
4970-29095-0028_6829-68769-0014_4077-13751-0004,s1,inf,52.09153554759396,-3.8158452249060937,1.94844942709524,0.36464925849992114
4970-29095-0028_6829-68769-0014_4077-13751-0004,s2,inf,66.13321190165786,4.250991741329392,-11.201439071632711,-0.21841445966460116
4970-29095-0028_6829-68769-0014_4077-13751-0004,s3,inf,inf,nan,nan,0.4489891664715354
5639-40744-0024_121-127105-0036_8230-279154-0042,s1,inf,55.86366296329544,2.237540875779321,-8.55139347436785,0.19957490572639458
5639-40744-0024_121-127105-0036_8230-279154-0042,s2,inf,31.733583965968965,5.399786510132038,3.098593651742026,0.07907640400121052
5639-40744-0024_121-127105-0036_8230-279154-0042,s3,inf,inf,nan,nan,0.2649803800754954
5105-28240-0014_6930-75918-0000_1284-1180-0024,s1,inf,41.85222380427326,1.6289692601178514,0.25437287234935196,0.031308138152406184
5105-28240-0014_6930-75918-0000_1284-1180-0024,s2,inf,34.84222833082362,-3.7998733749027593,-0.30556095859224597,0.05846862998164737
5105-28240-0014_6930-75918-0000_1284-1180-0024,s3,inf,34.4222807006566,15.90404896008615,18.66235458857294,0.536288093989115
7176-88083-0019_6829-68771-0025_8463-294828-0007,s1,inf,43.294522799328035,7.915266215493739,9.137426561335513,0.03972611713270724
7176-88083-0019_6829-68771-0025_8463-294828-0007,s2,inf,31.709814374793282,-0.3859991201121833,-0.14200656033776216,0.01876325974043558
7176-88083-0019_6829-68771-0025_8463-294828-0007,s3,inf,73.623184021431,2.6125568455968624,-1.7292095565373298,0.3169436283814355
7021-79740-0001_1320-122617-0033_6829-68771-0020,s1,inf,49.67710079037984,-8.951427892294193,-18.662169254856504,0.09434374941998602
7021-79740-0001_1320-122617-0033_6829-68771-0020,s2,inf,37.312146578147974,9.629972768636897,10.600251338780426,0.06606165268920783
7021-79740-0001_1320-122617-0033_6829-68771-0020,s3,inf,27.207294583850242,9.400451816304894,11.034895943868875,0.3498775687061372
2830-3980-0055_6829-68771-0036_1580-141084-0048,s1,inf,62.041128527278744,6.714449428926546,9.402874863692917,0.17195862578525678
2830-3980-0055_6829-68771-0036_1580-141084-0048,s2,inf,33.961667596353195,8.459618808839831,8.61857958170725,-0.048328264736618776
2830-3980-0055_6829-68771-0036_1580-141084-0048,s3,inf,37.93271091603934,2.3625218936628007,-3.6843467677018475,0.28457140311463736
260-123440-0014_2830-3980-0051_7176-88083-0023,s1,inf,26.22086782273163,4.122453453262195,1.4970609672439719,0.15072233593652162
260-123440-0014_2830-3980-0051_7176-88083-0023,s2,inf,38.26927374130029,-2.520765031403433,-4.483018624406955,0.05563511839525148
260-123440-0014_2830-3980-0051_7176-88083-0023,s3,inf,40.27723764482958,6.2391760171683845,11.62875347160536,0.20910342704086715
1284-1180-0010_5683-32865-0009_6930-81414-0012,s1,inf,39.20039743369244,0.7269461527847325,5.209024967351398,0.3413863305309317
1284-1180-0010_5683-32865-0009_6930-81414-0012,s2,inf,31.348826787224986,4.807441817504165,6.438140313461048,0.2280475024637575
1284-1180-0010_5683-32865-0009_6930-81414-0012,s3,inf,57.855995534107734,-3.881785662226478,-25.587074650171363,-0.16806775485377767
6829-68771-0030_1089-134691-0008_1995-1836-0003,s1,inf,32.28275915237517,8.645610459027598,10.19631579939676,0.43886168799142045
6829-68771-0030_1089-134691-0008_1995-1836-0003,s2,inf,40.81816802127349,3.66632906044434,-6.612539284359159,0.39576558351521507
6829-68771-0030_1089-134691-0008_1995-1836-0003,s3,inf,26.414696031840556,14.226363609724071,1.0756780949164997,0.19165133353227737
5105-28241-0004_2830-3980-0066_237-134500-0002,s1,inf,62.49909318412658,0.6724322407213359,-0.1264126736670373,0.23223587830000147
5105-28241-0004_2830-3980-0066_237-134500-0002,s2,inf,20.76599328957617,7.1698238403554555,8.106751850837465,-0.025850565680601956
5105-28241-0004_2830-3980-0066_237-134500-0002,s3,inf,inf,nan,nan,0.33737186424922694
260-123288-0001_1089-134686-0026_4992-41806-0013,s1,inf,32.99954447982802,4.638153424966378,-19.978370397023852,0.10849660839430486
260-123288-0001_1089-134686-0026_4992-41806-0013,s2,inf,40.53292480696632,11.667786203472428,11.118979298515725,0.15508983222718808
260-123288-0001_1089-134686-0026_4992-41806-0013,s3,inf,78.08111214317569,-10.3931473416051,-7.611878337289454,0.2885936717559162
1580-141084-0010_3575-170457-0032_1221-135767-0017,s1,inf,54.30445845821646,0.4889137335432445,4.565513709927872,-0.08799762546380419
1580-141084-0010_3575-170457-0032_1221-135767-0017,s2,inf,20.229064412644178,8.947951643448416,13.011477720170914,-0.25011721485729554
1580-141084-0010_3575-170457-0032_1221-135767-0017,s3,inf,inf,nan,nan,0.2322602555198684
1580-141083-0008_61-70970-0003_4507-16021-0008,s1,inf,56.45909134877705,13.140468983532422,14.72935372719401,0.06201532160318013
1580-141083-0008_61-70970-0003_4507-16021-0008,s2,inf,34.10948970144822,7.298462465542164,8.8114629508192,0.2784078483701352
1580-141083-0008_61-70970-0003_4507-16021-0008,s3,inf,49.33446775713531,22.906760164378042,-10.930989857032962,0.2006347336386658
2300-131720-0026_7729-102255-0021_1089-134691-0021,s1,inf,73.16731380465755,4.369975058692605,-9.051227600096766,0.12104777469672823
2300-131720-0026_7729-102255-0021_1089-134691-0021,s2,inf,26.085777823648364,1.593895413309444,3.7579014195539138,-0.1371130158646663
2300-131720-0026_7729-102255-0021_1089-134691-0021,s3,inf,inf,nan,nan,0.18413999902738754
8555-292519-0012_5142-33396-0015_1221-135766-0007,s1,inf,79.30709502623695,8.55791254564873,9.885297016482772,0.06269055522762046
8555-292519-0012_5142-33396-0015_1221-135766-0007,s2,inf,43.15913706536338,6.431934576485219,6.759593604286196,-0.03565142864852067
8555-292519-0012_5142-33396-0015_1221-135766-0007,s3,inf,51.82160235069744,8.26442184284649,-13.964180598837356,0.19645061915363993
8463-287645-0014_6930-81414-0004_121-127105-0001,s1,inf,39.02929975249807,10.859039950438266,7.999747778890218,0.3049140394603429
8463-287645-0014_6930-81414-0004_121-127105-0001,s2,inf,44.6211150223844,-3.4317638353903703,-12.063589241051426,0.3253753898951085
8463-287645-0014_6930-81414-0004_121-127105-0001,s3,inf,40.59934863674368,8.439070490622242,10.163899965638487,0.07054368712700376
8230-279154-0006_4446-2273-0007_1089-134691-0004,s1,inf,56.3981180178948,12.543699980872425,-2.3912957255137943,0.08657761893658589
8230-279154-0006_4446-2273-0007_1089-134691-0004,s2,inf,56.924129513634895,10.88504088103492,12.275447375619176,0.20635029311671482
8230-279154-0006_4446-2273-0007_1089-134691-0004,s3,inf,inf,nan,nan,0.09327420918352614
8555-284449-0009_6930-81414-0006_908-157963-0014,s1,inf,74.17646749087717,-1.348431531263436,-4.20004942768414,0.615623670584285
8555-284449-0009_6930-81414-0006_908-157963-0014,s2,inf,35.82994039348103,5.4020993199443375,-11.599493805576358,0.5279229560212243
8555-284449-0009_6930-81414-0006_908-157963-0014,s3,inf,41.283370566492046,14.156514948537156,15.445240406297662,-0.01561793146017676
4077-13751-0003_8455-210777-0058_61-70970-0030,s1,inf,46.65197265169069,-4.518307333301619,-1.0561956455432147,0.033996996261971835
4077-13751-0003_8455-210777-0058_61-70970-0030,s2,inf,39.92082856760168,4.1054354715697245,-14.029626332829748,0.08056342648819081
4077-13751-0003_8455-210777-0058_61-70970-0030,s3,inf,inf,nan,nan,0.048133142330721745
8463-294828-0001_61-70968-0013_7127-75947-0007,s1,inf,61.65900545911026,2.9555014005742852,-3.611325713473892,0.39698907220113233
8463-294828-0001_61-70968-0013_7127-75947-0007,s2,inf,41.16830789625127,9.1315672603661,10.69348039093436,0.09253387375731525
8463-294828-0001_61-70968-0013_7127-75947-0007,s3,inf,inf,nan,nan,0.17736600056772822
4992-41797-0020_61-70968-0026_2830-3980-0031,s1,inf,31.077401562533893,9.498345588906034,1.0547600836359718,0.24491177602737335
4992-41797-0020_61-70968-0026_2830-3980-0031,s2,inf,37.38793561411411,8.639403497904873,9.747728296616634,0.10639726009236727
4992-41797-0020_61-70968-0026_2830-3980-0031,s3,inf,69.19028707848375,0.03434339538930267,-2.8904433355936114,0.17367500984434692
908-157963-0011_1580-141084-0040_6930-81414-0007,s1,inf,48.37437539648906,8.036670771678228,10.194642458057817,0.11804652896956025
908-157963-0011_1580-141084-0040_6930-81414-0007,s2,inf,30.002965514082046,5.454726093301028,5.216584725721561,0.20137538019496726
908-157963-0011_1580-141084-0040_6930-81414-0007,s3,inf,inf,nan,nan,0.06905740196421206
1995-1826-0007_4970-29093-0009_6829-68771-0004,s1,inf,57.373568912341426,3.049128463758211,4.536221424436958,0.09722168020407751
1995-1826-0007_4970-29093-0009_6829-68771-0004,s2,inf,30.34173756554095,3.149714560735313,-7.384982065586071,0.017372037848202515
1995-1826-0007_4970-29093-0009_6829-68771-0004,s3,inf,44.30633722942893,-0.2206689481923929,0.9353171707846069,0.2618204885226396
4077-13751-0001_1284-1181-0002_5142-33396-0037,s1,inf,34.06902916167735,5.846509243933041,6.769737996454297,0.1581852579512476
4077-13751-0001_1284-1181-0002_5142-33396-0037,s2,inf,27.628098242131855,8.227699149158115,8.624149615442288,0.11363063187837796
4077-13751-0001_1284-1181-0002_5142-33396-0037,s3,inf,inf,nan,nan,0.3026907278233285
3570-5696-0008_8455-210777-0022_1320-122612-0005,s1,inf,36.208888309126046,5.0868445229893675,5.443903128892217,0.7400103221045666
3570-5696-0008_8455-210777-0022_1320-122612-0005,s2,inf,38.08045396290905,-2.1492762377471357,-12.91836067938555,0.23835385975175782
3570-5696-0008_8455-210777-0022_1320-122612-0005,s3,inf,31.922554861042922,6.132103978898985,5.2718601707062245,-0.13450372355459417
121-127105-0035_5105-28240-0019_5142-33396-0042,s1,inf,74.81199558137887,5.952747735983433,5.497844897709445,0.20389211565714238
121-127105-0035_5105-28240-0019_5142-33396-0042,s2,inf,40.99090930826152,-5.4013502253142835,-6.322502685615111,-0.4590809319409765
121-127105-0035_5105-28240-0019_5142-33396-0042,s3,inf,inf,nan,nan,0.22892812934616436
4970-29095-0036_8455-210777-0046_3570-5694-0014,s1,inf,89.65473692495536,-0.15174578988540338,-13.941559073770506,0.16248813182044453
4970-29095-0036_8455-210777-0046_3570-5694-0014,s2,inf,35.27802896178401,7.485338554568198,11.789752681365693,0.5052864452287908
4970-29095-0036_8455-210777-0046_3570-5694-0014,s3,inf,32.69189357864213,8.41377593428341,9.491898625722193,0.3664110693256053
1995-1837-0018_7127-75946-0002_8463-294828-0034,s1,inf,77.15586058378116,3.4303100632006096,2.5944641445721284,0.08523252529492975
1995-1837-0018_7127-75946-0002_8463-294828-0034,s2,inf,34.01325890587425,0.6875155246384088,2.4638498523890897,0.264234835757307
1995-1837-0018_7127-75946-0002_8463-294828-0034,s3,inf,58.80778030697844,2.5199554650305416,10.893131881588227,0.06987757931196903
1221-135767-0019_4446-2273-0001_7176-88083-0008,s1,inf,43.371620022844354,-3.268097836810405,-2.76267028407371,0.1334477003900736
1221-135767-0019_4446-2273-0001_7176-88083-0008,s2,inf,31.344876144403973,3.294991380528981,-1.2401925902519655,-0.015137098577390762
1221-135767-0019_4446-2273-0001_7176-88083-0008,s3,inf,44.82243215502105,7.87535600441365,10.642031614428532,0.22331445622570933
8455-210777-0006_1995-1826-0020_5683-32879-0002,s1,inf,46.475782720263865,-4.77552003093837,-5.056338640173193,-0.16937179596371998
8455-210777-0006_1995-1826-0020_5683-32879-0002,s2,inf,34.97872423971988,2.9912870010114236,-25.616789637753882,0.026998435596874204
8455-210777-0006_1995-1826-0020_5683-32879-0002,s3,inf,64.77120499773322,6.05710337938709,7.897584989626872,0.17083109185024203
7729-102255-0018_1995-1826-0024_121-127105-0025,s1,inf,78.6540482259991,5.357417751059426,-0.7338022653125018,0.20569591139104682
7729-102255-0018_1995-1826-0024_121-127105-0025,s2,inf,85.94902417773821,6.073089933016797,0.09237847106212656,-0.05943652105772579
7729-102255-0018_1995-1826-0024_121-127105-0025,s3,inf,inf,nan,nan,0.21967661130706773
8230-279154-0019_4446-2271-0000_237-126133-0009,s1,inf,46.701024789943574,5.432553825929375,3.736638979452645,0.28634701846763067
8230-279154-0019_4446-2271-0000_237-126133-0009,s2,inf,30.95937142750875,9.763934171651757,12.060761341314432,0.0823230308996743
8230-279154-0019_4446-2271-0000_237-126133-0009,s3,inf,inf,nan,nan,-0.008218473003509641
7729-102255-0033_2094-142345-0053_3570-5694-0012,s1,inf,60.54415986424032,6.113188677437597,6.653373643570726,0.36471516377331314
7729-102255-0033_2094-142345-0053_3570-5694-0012,s2,inf,30.193143007043787,12.461996527027885,3.878506261106761,0.20375603702681855
7729-102255-0033_2094-142345-0053_3570-5694-0012,s3,inf,inf,nan,nan,0.35417196506956605
908-31957-0020_6829-68771-0033_8555-292519-0006,s1,inf,65.86120276355257,5.781008231257174,8.237215028532749,0.4516475374509072
908-31957-0020_6829-68771-0033_8555-292519-0006,s2,inf,28.205769392350696,4.2330629011966465,7.986965043363158,0.12012212598492755
908-31957-0020_6829-68771-0033_8555-292519-0006,s3,inf,39.76295373520801,4.220214541500649,4.1879653426274945,0.293304698023119
8463-294828-0016_8224-274384-0010_4446-2273-0024,s1,inf,45.52872142388519,-1.1321317081399316,7.59097439965739,0.08100893036769696
8463-294828-0016_8224-274384-0010_4446-2273-0024,s2,inf,35.92132319081041,6.217645474901753,10.780244238144867,0.35571965365220437
8463-294828-0016_8224-274384-0010_4446-2273-0024,s3,inf,33.33033794807382,9.313589994251641,1.8803943010967206,0.011336513181326557
5105-28233-0003_61-70970-0039_908-157963-0029,s1,inf,53.20204443710381,5.087680659013243,7.422591742985248,0.1251342866062085
5105-28233-0003_61-70970-0039_908-157963-0029,s2,inf,36.52706950492444,8.505312805057352,-2.180805077207952,-0.015528443024619087
5105-28233-0003_61-70970-0039_908-157963-0029,s3,inf,inf,nan,nan,0.05524419776808576
8230-279154-0020_61-70970-0018_1320-122612-0013,s1,inf,52.77624185756315,-2.963973503999411,-1.123294636701479,0.14677897325590872
8230-279154-0020_61-70970-0018_1320-122612-0013,s2,inf,40.25086542507574,2.688112357015586,2.715557420917593,0.07926448662765029
8230-279154-0020_61-70970-0018_1320-122612-0013,s3,inf,inf,nan,nan,0.17899085470333465
4507-16021-0003_7021-85628-0002_8224-274381-0015,s1,inf,69.39616605382048,10.027935532163424,8.968825572385704,0.4852680218343942
4507-16021-0003_7021-85628-0002_8224-274381-0015,s2,inf,57.07191447269757,1.3544066725082762,-8.72274059786374,-0.10797272050702222
4507-16021-0003_7021-85628-0002_8224-274381-0015,s3,inf,44.35216971212806,4.5684376890273075,-6.4925398331016915,0.22062365293765218
1284-1180-0028_1580-141084-0024_237-126133-0007,s1,inf,38.58898077632933,5.943792497207686,7.967759296415008,0.12463098527089012
1284-1180-0028_1580-141084-0024_237-126133-0007,s2,inf,45.09077690567901,4.721502556362312,4.469455986824335,-0.056340864696559745
1284-1180-0028_1580-141084-0024_237-126133-0007,s3,inf,44.207635628417776,-3.7787273277384,-10.971793342101304,0.0523538722445126
5639-40744-0004_4992-41806-0011_672-122797-0012,s1,inf,46.688867718421854,5.097256858128828,8.016837172641194,0.11880909111836901
5639-40744-0004_4992-41806-0011_672-122797-0012,s2,inf,40.787733843503915,11.375074985911501,11.743550005364716,0.2050315325105032
5639-40744-0004_4992-41806-0011_672-122797-0012,s3,inf,44.850431329337496,5.569561669473565,9.70812790267298,0.1626492730951301
8463-294828-0033_3729-6852-0019_4507-16021-0039,s1,inf,69.77275859781304,-5.5165943355978175,0.7318347588343186,0.051310337454314014
8463-294828-0033_3729-6852-0019_4507-16021-0039,s2,inf,41.69446660184739,8.294213801022384,7.203639289542117,-0.16225980045346633
8463-294828-0033_3729-6852-0019_4507-16021-0039,s3,inf,inf,nan,nan,0.14729603122332047
1221-135767-0021_4446-2273-0010_4507-16021-0024,s1,inf,54.41260488413271,-1.3979085434265182,-0.6449455698965266,0.1034600094714414
1221-135767-0021_4446-2273-0010_4507-16021-0024,s2,inf,34.83774272288668,-0.23700382854356658,-9.264289889845973,0.016681437964698786
1221-135767-0021_4446-2273-0010_4507-16021-0024,s3,inf,55.42531086751047,12.441242506061254,13.613583126427944,-0.1252174066520647
5142-33396-0014_2961-960-0003_7021-85628-0009,s1,inf,36.31621095247502,-3.843590766260946,-9.055401441625046,0.22500305728921122
5142-33396-0014_2961-960-0003_7021-85628-0009,s2,inf,39.02140258628701,8.383440138202042,0.7073026539054983,0.3226313312653287
5142-33396-0014_2961-960-0003_7021-85628-0009,s3,inf,29.40681875709144,8.266326980538567,9.41504174349743,0.49707808273131304
4970-29095-0001_2830-3980-0047_8224-274384-0002,s1,inf,63.74524817937992,3.3423502277484376,8.876300986068808,0.5105247266903027
4970-29095-0001_2830-3980-0047_8224-274384-0002,s2,inf,27.190543444821476,0.0027779830385354317,-6.425663211373416,0.03764468133778209
4970-29095-0001_2830-3980-0047_8224-274384-0002,s3,inf,inf,nan,nan,0.2954409987563874
6930-75918-0011_2094-142345-0015_61-70968-0056,s1,inf,49.23923175016763,-2.1714638861080604,-7.863995855836059,-0.2526703682560032
6930-75918-0011_2094-142345-0015_61-70968-0056,s2,inf,50.504954493846796,4.533131226090701,-1.2012010788466796,0.19703553852103117
6930-75918-0011_2094-142345-0015_61-70968-0056,s3,inf,46.84518061530288,2.298068902340294,5.8160789157797845,-0.11359837717442445
3570-5696-0000_5639-40744-0032_8455-210777-0025,s1,inf,33.596150367532346,6.806531175374042,5.343823177980259,0.42271413128365765
3570-5696-0000_5639-40744-0032_8455-210777-0025,s2,inf,32.44125499416407,-1.9979724262348455,-0.9382343022577294,0.29425745972519535
3570-5696-0000_5639-40744-0032_8455-210777-0025,s3,inf,28.324029918475407,2.9448783601224324,-16.06645246973649,-0.3653865159062837
8455-210777-0069_1580-141083-0036_1995-1837-0007,s1,inf,37.94849737104719,3.367411751705448,4.188249879486053,0.44290490695033746
8455-210777-0069_1580-141083-0036_1995-1837-0007,s2,inf,54.506563877113365,13.483977138932692,14.46790682567138,-0.12461196176040423
8455-210777-0069_1580-141083-0036_1995-1837-0007,s3,inf,inf,nan,nan,0.10251294898537577
1320-122617-0021_8455-210777-0014_5683-32866-0024,s1,inf,45.88231028924434,-5.743465922055623,-21.021467555271872,0.12132835895071681
1320-122617-0021_8455-210777-0014_5683-32866-0024,s2,inf,34.77307265422746,7.314002898481057,7.112775348041175,-0.022708347615954638
1320-122617-0021_8455-210777-0014_5683-32866-0024,s3,inf,68.77697055035765,3.9929315432322148,1.929129321004752,0.5506658983771376
4507-16021-0045_4077-13754-0014_1580-141084-0029,s1,inf,41.826896556678015,2.8955226119891946,-10.981202166215523,0.15461458019790786
4507-16021-0045_4077-13754-0014_1580-141084-0029,s2,inf,40.442751193836244,9.013336783017591,9.474185900158567,0.3298685003372869
4507-16021-0045_4077-13754-0014_1580-141084-0029,s3,inf,50.867298166152686,3.80808644054182,7.318617211879194,0.08943677688628682
8224-274381-0006_4446-2275-0012_6829-68769-0002,s1,inf,44.125720981808165,13.103177903823454,13.320237566032269,0.47013506577953834
8224-274381-0006_4446-2275-0012_6829-68769-0002,s2,inf,37.78752469430517,4.1767812996262945,-5.471437206416261,0.011968144352729082
8224-274381-0006_4446-2275-0012_6829-68769-0002,s3,inf,inf,nan,nan,0.1829936177879663
1580-141083-0013_4992-41806-0016_6829-68771-0019,s1,inf,41.640938714098475,0.873319621384298,-2.015556845391375,0.02322317548412589
1580-141083-0013_4992-41806-0016_6829-68771-0019,s2,inf,43.675754511460816,2.383405480809842,2.7525186152653776,0.1421461747816174
1580-141083-0013_4992-41806-0016_6829-68771-0019,s3,inf,32.37221630135521,0.1729017222762512,-1.7784778954703204,0.011887506002940751
7127-75946-0014_7729-102255-0038_1284-134647-0002,s1,inf,51.034935976502666,4.297524642832341,-2.9655826273037333,0.16365146586388601
7127-75946-0014_7729-102255-0038_1284-134647-0002,s2,inf,23.625360564921923,0.45720048375666905,5.112656693305901,-0.022604041160870447
7127-75946-0014_7729-102255-0038_1284-134647-0002,s3,inf,45.39828541806593,7.107012812487835,8.333723934848528,0.301522315043533
1580-141083-0023_2300-131720-0013_61-70970-0024,s1,inf,44.75563844007635,7.551807625244292,8.393655598754053,0.41440458054590734
1580-141083-0023_2300-131720-0013_61-70970-0024,s2,inf,41.63891601254787,0.25498094069086275,-1.328125049441765,0.13601775854209286
1580-141083-0023_2300-131720-0013_61-70970-0024,s3,inf,22.184561169927445,1.6578117494211708,-11.99515260458697,0.06903662863569748
1320-122617-0029_1089-134691-0019_2830-3979-0011,s1,inf,49.84986202888203,0.895360073571052,-1.5055283009197915,0.08487169451571475
1320-122617-0029_1089-134691-0019_2830-3979-0011,s2,inf,49.73184142966559,0.46513144536693163,0.8581279183515423,-0.15598304991377943
1320-122617-0029_1089-134691-0019_2830-3979-0011,s3,inf,inf,nan,nan,0.09949088382922877
7127-75946-0003_3575-170457-0050_260-123288-0013,s1,inf,55.93484906820103,7.613750326251836,-8.519893210201365,0.2002800390426922
7127-75946-0003_3575-170457-0050_260-123288-0013,s2,inf,24.357555562025897,8.438894155403823,-0.03405140401375673,0.44228480905638456
7127-75946-0003_3575-170457-0050_260-123288-0013,s3,inf,72.05059795582714,2.2506294537765834,6.006504861458749,0.3123179328433795
5105-28240-0004_5142-33396-0001_3575-170457-0014,s1,inf,40.347330374848774,4.362582153166018,7.427689461678223,0.3806343368419659
5105-28240-0004_5142-33396-0001_3575-170457-0014,s2,inf,28.809151337607638,-0.48397432935660445,12.603896393876418,0.023781689880535528
5105-28240-0004_5142-33396-0001_3575-170457-0014,s3,inf,38.29463747487147,22.289014522755615,9.343911552547944,0.17014359907180854
2961-961-0000_5639-40744-0034_8455-210777-0000,s1,inf,55.91968126003962,5.20199467060566,4.199586360854839,0.2254939168028186
2961-961-0000_5639-40744-0034_8455-210777-0000,s2,inf,64.6686187645737,0.9251520964757699,-5.555940116683374,0.16993482352259748
2961-961-0000_5639-40744-0034_8455-210777-0000,s3,inf,45.91917951730545,5.326445830743816,6.1879422540772255,0.342608317790874
1580-141084-0034_672-122797-0074_1221-135767-0005,s1,inf,38.916177930888416,3.664036369178054,-12.803220464395848,0.21819142037474204
1580-141084-0034_672-122797-0074_1221-135767-0005,s2,inf,32.53955140235362,9.074826367399062,11.371718284381831,0.1604417546266561
1580-141084-0034_672-122797-0074_1221-135767-0005,s3,inf,27.243176202429495,11.18833528639924,13.119022225929172,0.1216256397382598
1320-122617-0008_6829-68769-0034_1188-133604-0015,s1,inf,43.736436091692795,0.009852485671358383,-7.448813264091756,-0.09450709525585022
1320-122617-0008_6829-68769-0034_1188-133604-0015,s2,inf,33.74320382891616,4.649363864790304,6.600782178249123,0.17713673099463756
1320-122617-0008_6829-68769-0034_1188-133604-0015,s3,inf,42.45323966440564,11.16906522654151,12.398285722896807,0.17429133523754203
61-70968-0050_4970-29093-0000_7729-102255-0000,s1,inf,41.21206457281741,7.02819441095417,5.726643484824914,0.17976247324988637
61-70968-0050_4970-29093-0000_7729-102255-0000,s2,inf,20.896292020817874,12.584794771270174,12.225823448493875,0.0348650053455275
61-70968-0050_4970-29093-0000_7729-102255-0000,s3,inf,inf,nan,nan,0.23211424681187065
1089-134686-0023_6829-68771-0023_2961-961-0015,s1,inf,74.05781469406806,8.953164659795315,10.636823567287284,0.4313204048754007
1089-134686-0023_6829-68771-0023_2961-961-0015,s2,inf,24.79732742082135,7.701906160580627,9.763872412217488,0.025595789234879596
1089-134686-0023_6829-68771-0023_2961-961-0015,s3,inf,inf,nan,nan,0.5196337419524997
6829-68769-0021_3575-170457-0013_908-31957-0021,s1,inf,38.664365465171905,-3.329231468312426,-2.5862273515664986,0.13228276762278113
6829-68769-0021_3575-170457-0013_908-31957-0021,s2,inf,31.04364039726548,2.305739131378963,-11.305482515530718,0.01479737259765268
6829-68769-0021_3575-170457-0013_908-31957-0021,s3,inf,72.50101722300064,12.522550637040881,13.09653021272876,0.27685684582066794
4446-2275-0007_7176-92135-0000_3575-170457-0024,s1,inf,65.87765033932561,6.1132713091800985,-5.988984282120402,0.16944986457193578
4446-2275-0007_7176-92135-0000_3575-170457-0024,s2,inf,27.16868765201418,6.5688692353467655,9.53099054377418,0.14369738531305165
4446-2275-0007_7176-92135-0000_3575-170457-0024,s3,inf,63.46863952185207,8.824472817630673,10.490613506501852,0.28395537251786096
1995-1837-0015_8463-294828-0000_260-123286-0030,s1,inf,26.26259141144822,11.35541701583961,7.447656979465619,0.15529847618260273
1995-1837-0015_8463-294828-0000_260-123286-0030,s2,inf,58.75388326738125,-4.611625030959626,-6.809694233685924,0.13213891828805835
1995-1837-0015_8463-294828-0000_260-123286-0030,s3,inf,inf,4.3377197291787,1.1517986930038218,0.26030332470791906
121-127105-0023_2094-142345-0013_6930-75918-0014,s1,inf,71.3764973342915,-4.04985668840864,-13.97242693271229,0.08618928148423244
121-127105-0023_2094-142345-0013_6930-75918-0014,s2,inf,39.50749557517267,6.4368954211249125,6.654089163099137,0.11923651401376034
121-127105-0023_2094-142345-0013_6930-75918-0014,s3,inf,51.71453810989399,1.8479439642450937,4.46303479169631,0.28870175627023476
2300-131720-0036_8230-279154-0021_5142-33396-0034,s1,inf,42.962897509126236,-10.181195869088553,-22.690155686515922,0.3264766733771971
2300-131720-0036_8230-279154-0021_5142-33396-0034,s2,inf,33.097770423373255,9.998222718945511,10.329650541682344,0.24221199222987766
2300-131720-0036_8230-279154-0021_5142-33396-0034,s3,inf,65.10515840281441,9.955040856631395,9.969251496847805,0.4810007398551297
1580-141083-0009_1320-122612-0004_5683-32866-0006,s1,inf,39.58649623799274,4.577033873125611,-10.249385641312651,0.13339661194583852
1580-141083-0009_1320-122612-0004_5683-32866-0006,s2,inf,33.544552217284355,14.498901470337502,15.600327402141502,0.24378180209031874
1580-141083-0009_1320-122612-0004_5683-32866-0006,s3,inf,69.37548922081743,16.73441066318581,18.735413557265478,0.1626809219312484
1221-135767-0002_3570-5694-0000_6930-75918-0002,s1,inf,53.92083089444821,-0.2894762035838547,4.781404695670239,0.15513222083205414
1221-135767-0002_3570-5694-0000_6930-75918-0002,s2,inf,40.56947745151,1.3887317206890446,4.85863944513638,0.07949677948489631
1221-135767-0002_3570-5694-0000_6930-75918-0002,s3,inf,43.32880524382836,7.770344258646901,-5.368230941893023,0.18873143021405492
5683-32866-0021_260-123288-0025_2300-131720-0000,s1,inf,39.094026842341314,6.815714385270435,8.694189340990997,0.3284635783319615
5683-32866-0021_260-123288-0025_2300-131720-0000,s2,inf,59.863819565004526,1.1788781068360725,-11.583956807068605,0.3567971846443182
5683-32866-0021_260-123288-0025_2300-131720-0000,s3,inf,31.192872405268282,-0.10197636028042736,-0.1818470825919842,0.07979186130360105
1284-1180-0009_2830-3980-0044_7021-79740-0002,s1,inf,35.068767513954434,-1.7636202966323768,-1.973550789102985,0.2534217038812101
1284-1180-0009_2830-3980-0044_7021-79740-0002,s2,inf,35.62406421672838,1.5650466455979772,-4.228366146426157,-0.08088995397821397
1284-1180-0009_2830-3980-0044_7021-79740-0002,s3,inf,inf,nan,nan,0.261271468148108
1580-141083-0049_8224-274381-0014_6829-68769-0015,s1,inf,62.67817467563907,-3.155784773847312,-12.18569162999126,0.1665187481250865
1580-141083-0049_8224-274381-0014_6829-68769-0015,s2,inf,47.54864375560042,9.4580867815359,10.942330103984936,0.5481978738285214
1580-141083-0049_8224-274381-0014_6829-68769-0015,s3,inf,28.29744535037891,8.375392078866296,11.429083068360292,0.13076771108289964
260-123440-0009_8230-279154-0002_8555-284447-0022,s1,inf,39.359442263134255,-1.9879394452057964,5.302773011279415,-0.2510370831227122
260-123440-0009_8230-279154-0002_8555-284447-0022,s2,inf,40.74745947614915,9.654530116189108,10.856943368302218,0.19960254473857553
260-123440-0009_8230-279154-0002_8555-284447-0022,s3,inf,62.10602723157217,12.233434838987797,3.718593806040855,0.35306691585430083
1995-1837-0001_908-157963-0004_4446-2271-0010,s1,inf,65.24794206167101,6.751337436729434,9.126884204403312,0.10479514637460507
1995-1837-0001_908-157963-0004_4446-2271-0010,s2,inf,53.58640783353451,8.260451669570593,10.232063150579718,0.2917868260266797
1995-1837-0001_908-157963-0004_4446-2271-0010,s3,inf,73.75000847466278,1.691654030029226,-4.3575648077052085,0.24140973264719068
6829-68769-0036_6930-76324-0021_3729-6852-0016,s1,inf,31.80663259951843,9.696530909334859,9.476142960058601,0.13912456002218354
6829-68769-0036_6930-76324-0021_3729-6852-0016,s2,inf,31.28561810938955,-2.7260474410146385,-1.98694239871632,0.27622709092772535
6829-68769-0036_6930-76324-0021_3729-6852-0016,s3,inf,29.878117474740023,-0.7353347364386087,-3.7875797322079885,0.0721059816917996
7021-85628-0013_5683-32866-0008_1089-134686-0022,s1,inf,49.91526748107047,11.670614174586422,-1.3422074097303556,0.08945203629365728
7021-85628-0013_5683-32866-0008_1089-134686-0022,s2,inf,32.02529169766238,9.907020584734504,10.59746540486326,0.18006297609189392
7021-85628-0013_5683-32866-0008_1089-134686-0022,s3,inf,inf,nan,nan,0.11511810255379074